Workbook
Name _: #REF!
Name _: #REF!
Name _: #REF!
Name _: #REF!
Name __: #REF!
Name __: #REF!
Name __: #REF!
Name ___: #REF!
Name ___: #REF!
Name ___: #REF!
Name ____: #REF!
Name ____: #REF!
Name _____: #REF!
Name _____: #REF!
Name ______: #REF!
Name ______: #REF!
Name _______: #REF!
Name _______: #REF!
Name __________: #REF!
Name __________: #REF!
Name _____________0: #REF!
Name _____________0: #REF!
Name _____________11: #REF!
Name _____________11: #REF!
Name _____________12: #REF!
Name _____________12: #REF!
Name __________0: #REF!
Name __________0: #REF!
Name __________11: #REF!
Name __________11: #REF!
Name __________12: #REF!
Name __________12: #REF!
Name _________0: #REF!
Name _________0: #REF!
Name _________10: #REF!
Name _________10: #REF!
Name _________11: #REF!
Name _________11: #REF!
Name _________12: #REF!
Name _________12: #REF!
Name ________0: #REF!
Name ________0: #REF!
Name ________10: #REF!
Name ________10: #REF!
Name ________11: #REF!
Name ________11: #REF!
Name ________12: #REF!
Name ________12: #REF!
Name _______0: #REF!
Name _______0: #REF!
Name ______0: #REF!
Name ______0: #REF!
Name ______11: #REF!
Name ______11: #REF!
Name ______12: #REF!
Name ______12: #REF!
Name ______NMB96: #REF!
Name _____0: #REF!
Name _____0: #REF!
Name _____10: #REF!

Sheet 설계서
A1: 설계년월일 | C1: 2025년 06 월 일 설계 | F1: 설 계 자 | I1: 심 사 자 | L1: 담 | O1: 과 | R1: 비
L2: 당 | O2: 장 | R2: 고
A3: 설 계 서
D4: 공 사 명 | G4: : | I4: =원가제비율!D3 -> 대화면도시재생사업청학당조성공사기본및실시설
D5: 총 공 사 비 | G5: : | H5: =P18 -> 3.091637e+09 | K5: ="(금 "&NUMBERSTRING( P18,1)&"원)" -> (금 삼십억구천일백육십삼만칠천원)
D6: 도 급 공 사 비 | G6: : | H6: =I18 -> 2.525321e+09 | K6: ="(금 "&NUMBERSTRING( I18,1)&"원)" -> (금 이십오억이천오백삼십이만일천원)
D7: 공 급 가 액 | G7: : | H7: =D18 -> 2.2957464e+09 | K7: ="(금 "&NUMBERSTRING( D18,1)&"원)" -> (금 이십이억구천오백칠십사만육천삼백육십사원)
D8: 부 가 가 치 세 | G8: : | H8: =G18 -> 2.2957464e+08 | K8: ="(금 "&NUMBERSTRING( G18,1)&"원)" -> (금 이억이천구백오십칠만사천육백삼십육원)
D9: 관 급 자 재 비 | G9: : | H9: =L18 -> 563849000 | K9: ="(금 "&NUMBERSTRING( L18,1)&"원)" -> (금 오억육천삼백팔십사만구천원)
D10: 기 타 경 비 | G10: : | H10: =N18 -> 2467000 | K10: ="(금 "&NUMBERSTRING( N18,1)&"원)" -> (금 이백사십육만칠천원)
A12: 구 분 | D12: 공 급 가 액 | G12: 부 가 세 | I12: 도 급 액 | L12: 관급자재비 | N12: 기타경비 | P12: 총 공 사 비 | T12: (%)
A13: 건축공사(건축,토공,기계) | D13: ='원가계산서(건축분야총괄)'!H34 -> 1.9673791e+09 | G13: ='원가계산서(건축분야총괄)'!H35 -> 1.9673791e+08 | I13: ='원가계산서(건축분야총괄)'!H36 -> 2.164117e+09 | L13: ='원가계산서(건축분야총괄)'!H40+'원가계산서(건축분야총괄)'!H41 -> 512734000 | N13: ='원가계산서(건축분야총괄)'!H38 -> 0 | P13: =I13+L13+N13 -> 2.676851e+09 | T13: =P13/P18*100 -> 86.583612
A14: 전 기 공 사 | D14: =D28 -> 3.2836727e+08 | G14: =G28 -> 32836727 | I14: =I28 -> 3.61204e+08 | L14: =L28+N28 -> 51115000 | N14: =P28 -> 2467000 | P14: =R28 -> 4.14786e+08 | T14: =P14/P18*100 -> 13.416388
G15: =D15*10% -> 0 | I15: =D15+G15 -> 0 | P15: =I15+L15+N15 -> 0 | T15: =P15/P18*100 -> 0
A18: 총 계 | D18: =SUM(D13:D17)-1 -> 2.2957464e+09 | G18: =SUM(G13:G17) -> 2.2957464e+08 | I18: =SUM(I13:I17) -> 2.525321e+09 | L18: =SUM(L13:L17) -> 563849000 | N18: =SUM(N13:N17) -> 2467000 | P18: =SUM(P13:P17) -> 3.091637e+09 | T18: =SUM(T13:T17) -> 100
P19: 2929515820
A24: 구분 | D24: 공급가액 | G24: 부가세 | I24: 도급액 | L24: 관급(도급) | N24: 관급(관급) | P24: 한전인입비 | R24: 합 계
A25: 전기공사 | D25: =210169694-663/1.1 -> 2.1016909e+08 | G25: =D25*0.1 -> 21016909 | I25: =D25+G25 -> 2.31186e+08 | L25: =20952354+646 -> 20953000 | P25: =1656600+811000-600 -> 2467000 | R25: =I25+L25+N25+P25 -> 2.54606e+08
A26: 통신공사 | D26: =48965044-548/1.1 -> 48964546 | G26: =D26*10% -> 4896454.6 | I26: =D26+G26 -> 53861000 | N26: 30162000 | R26: =I26+L26+N26+P26 -> 84023000
A27: 소방공사 | D27: =69234293-722/1.1 -> 69233637 | G27: =D27*10% -> 6923363.7 | I27: =D27+G27 -> 76157000 | R27: =I27+L27+N27+P27 -> 76157000
A28: 합계 | D28: =SUM(D25:D27) -> 3.2836727e+08 | G28: =SUM(G25:G27) -> 32836727 | I28: =SUM(I25:I27)-1 -> 3.61204e+08 | L28: =SUM(L25:L27) -> 20953000 | N28: =SUM(N25:N27) -> 30162000 | P28: =SUM(P25:P27) -> 2467000 | R28: =I28+L28+N28+P28 -> 4.14786e+08
N30: =L28+N28 -> 51115000

Sheet 총괄집계표
A1: =원가제비율!D3 -> 대화면도시재생사업청학당조성공사기본및실시설
A2: (총 괄 집 계 표)
A4: 구분 | B4: 도급액 | C4: 관급(도급자설치) | D4: 관급(관급자설치) | E4: 시설분담금 | F4: 합계
A5: 건축공사 | B5: ='원가계산서(건축)'!H39 -> 1.995656e+09 | C5: ='원가계산서(건축)'!H40 -> 282492000 | D5: ='원가계산서(건축)'!H41 -> 176354000 | F5: =B5+C5+D5+E5 -> 2.454502e+09 | G5: =F5/$F$15 -> 0.7928649
A6: 토목공사 | B6: ='원가계산서(토목)'!H39 -> 75055000 | C6: ='원가계산서(토목)'!H40 -> 10958000 | D6: ='원가계산서(토목)'!H41 -> 0 | F6: =B6+C6+D6+E6 -> 86013000 | G6: =F6/$F$15 -> 0.027784328
A7: 조경공사 | B7: ='원가계산서(조경)'!H38 -> 0 | C7: ='원가계산서(조경)'!H39 -> 0 | D7: ='원가계산서(조경)'!H40 -> 0 | F7: =B7+C7+D7+E7 -> 0
A8: 기계설비공사 | B8: ='원가계산서(기계)'!H39 -> 97507000 | C8: ='원가계산서(기계)'!H40 -> 0 | D8: ='원가계산서(기계)'!H41 -> 42930000 | F8: =B8+C8+D8+E8 -> 1.40437e+08 | G8: =F8/$F$15 -> 0.045364627
B9: ='원가계산서(폐기물)'!H35 -> 0 | F9: =B9+C9+D9+E9 -> 0
A10: 소계 | B10: =SUM(B5:B9) -> 2.168218e+09 | C10: =SUM(C5:C9) -> 293450000 | D10: =SUM(D5:D9) -> 219284000 | E10: =SUM(E5:E9) -> 0 | F10: =SUM(F5:F9) -> 2.680952e+09 | G10: =F10/$F$15 -> 0.86601386
A11: 전기공사 | B11: =설계서!I25 -> 2.31186e+08 | C11: =설계서!L25 -> 20953000 | D11: =설계서!N25 -> 0 | E11: =설계서!P25 -> 2467000 | F11: =B11+C11+D11+E11 -> 2.54606e+08 | G11: =F11/$F$15 -> 0.08224404
A12: 통신설비공사 | B12: =설계서!I26 -> 53861000 | D12: =설계서!N26 -> 30162000 | F12: =B12+C12+D12+E12 -> 84023000 | G12: =F12/$F$15 -> 0.027141509
A13: 소방설비공사 | B13: =설계서!I27 -> 76157000 | F13: =B13+C13+D13+E13 -> 76157000 | G13: =F13/$F$15 -> 0.024600596
A14: 소계 | B14: =B11+B12+B13-1 -> 3.61204e+08 | C14: =C11+C12+C13 -> 20953000 | D14: =D11+D12+D13 -> 30162000 | E14: =E11+E12+E13 -> 2467000 | F14: =F11+F12+F13-1 -> 4.14786e+08 | G14: =F14/$F$15 -> 0.13398614
A15: 총계 | B15: =B10+B14 -> 2.529422e+09 | C15: =C10+C14 -> 314403000 | D15: =D10+D14 -> 249446000 | E15: =E10+E14 -> 2467000 | F15: =F10+F14 -> 3.095738e+09 | G15: =F15/$F$15 -> 1
E18: 설계예산 | F18: =원가제비율!D6 -> 0
E19: 조정금액 | F19: =F18-F15 -> -3.095738e+09

Sheet 원가계산서(건축분야총괄)
A1: 공 사 원 가 계 산 서
A2: =원가제비율!D3 -> 대화면도시재생사업청학당조성공사기본및실시설 | G2: 공사기간 : | H2: =원가제비율!D5 -> 7~12개월이하, 2025.04.01 제비율
A3: 구 분 | E3: 산 출 방 법 | H3: 금 액 | I3: 비 고
A5: 1. 순공사 원가 | E5: [가+나+다] | H5: =H6+H8+H11 -> 1.6828565e+09
B6: 가. 재료비 | H6: =H7 -> 560141843
C7: 가-1. 직접재료비 | H7: ='원가계산서(건+토+기)'!L7 -> 560141843
B8: 나. 노무비 | H8: =H9+H10 -> 7.6254867e+08
C9: 나-1. 직접노무비 | H9: ='원가계산서(건+토+기)'!L9 -> 663662901
C10: 나-2. 간접노무비 | E10: [나1] 의 | G10: =원가제비율!G16 -> 0.149 | H10: =H9*G10 -> 98885772
B11: 다. 경비 | H11: =H12+H13+H14+H15+H16+H17+H18+H19+H23+H24+H25+H26+H27+H28+H29 -> 3.6016597e+08
C12: 다-1. 산출경비 | H12: ='원가계산서(건+토+기)'!L12 -> 113799309
C13: 다-2. 산재보험료 | E13: [나] 의 | G13: =원가제비율!G19 -> 0.0356 | H13: ='원가계산서(건+토+기)'!L13 -> 27146733
C14: 다-3. 고용보험료 | E14: [나] 의 | G14: =원가제비율!G20 -> 0.0101 | H14: =H8*G14 -> 7701741.6
C15: 다-4. 국민건강보험료 | E15: [나1] 의 | G15: =원가제비율!G21 -> 0.03545 | H15: =H9*G15 -> 23526850
C16: 다-5. 노인장기요양보험료 | E16: [다4] 의 | G16: =원가제비율!G22 -> 0.1295 | H16: =INT(H15*G16) -> 3046727
C17: 다-6. 국민연금보험료 | E17: [나1] 의 | G17: =원가제비율!G23 -> 0.045 | H17: =H9*G17 -> 29864831
C18: 다-7. 퇴직공제부금비 | E18: [나1] 의 | G18: =원가제비율!G24 -> 0.023 | H18: =H9*G18 -> 15264247
C19: 다-8. 산업안전보건관리비 | E19: ※ 관급포함시 : ⓑ와ⓒ 비교후 적은금액 적용 | H19: =SMALL(H21:H22,COUNTIF(H21:H22,0)+1) -> 38310166
D20: ⓐ.일반의경우 | E20: [가+나1] 의 | F20: =원가제비율!F26 -> 0.0228 | G20: =원가제비율!G26 -> 4325000 | H20: =(H7+H9)*F20+G20 -> 32227748
D21: ⓑ.ⓐ의 1.2배 | H21: =H20*1.2 -> 38673298
D22: ⓒ.관급자재대 포함 | E22: [가+나1+관급자재대] 의 | F22: =원가제비율!F28 -> 0.0228 | G22: =원가제비율!G28 -> 4325000 | H22: =(H6+H9+H40/1.1)*F22+G22 -> 38310166
C23: 다-9. 기타경비 | E23: [가+나] 의 | G23: =원가제비율!G29 -> 0.048 | H23: =(H6+H8)*G23 -> 63489145
C24: 다-10. 공사이행보증서 발급수수료 | E24: ([가+나1+다1] 의-140억원*0.019%)*공기(년) | H24: ='원가계산서(건+토+기)'!L24 -> 0
C25: 다-11. 하도급 대금 지급보증서 발급수수료 | E25: [가+나1+다1] 의 | G25: =원가제비율!G31 -> 0.00081 | H25: =(H6+H9+H12)*G25 -> 1083459.3
C26: 다-12. 건설기계대여대금지급보증서발급금액 | E26: [가+나1+다1] 의 | G26: =원가제비율!G32 -> 0.0007 | H26: =(H6+H9+H12)*G26 -> 936322.84
C27: 다-13. 환경보전비 | E27: [가+나1+다1] 의 | G27: =원가제비율!G33 -> 0.005 | H27: =(H6+H9+H12)*G27 -> 6688020.3
C28: 다-14. 품질관리비 | H28: ='원가계산서(건+토+기)'!L28 -> 7798410
C29: 다-15. 안전관리비 | H29: ='원가계산서(건+토+기)'!L29 -> 21510009
A30: 2. 일 반 관 리 비 | E30: [1] 의 | G30: =원가제비율!G36 -> 0.06 | H30: =H5*G30 -> 1.0097139e+08
A31: 3. 이 윤 | E31: [나+다+2]의 | G31: =원가제비율!G37 -> 0.15 | H31: =(H8+H11+H30)*G31-1858/1.1 -> 1.8355122e+08
A32: 4. T. A. B 공 사 | H32: ='원가계산서(건+토+기)'!L32 -> 0
A33: 5. 시공 상세도 작성비 | H33: ='원가계산서(건+토+기)'!L33 -> 0
A34: 6. 공 급 가 액 | E34: [1+2+3+4+5] | H34: =(H5+H30+H31+H32+H33) -> 1.9673791e+09
A35: 7. 부 가 가 치 세 | E35: [6]의 | G35: 0.1 | H35: =H34*G35 -> 1.9673791e+08
A36: 8. 도 급 액 | E36: [6+7] | H36: =H34+H35 -> 2.164117e+09
A37: 9. 건설 폐기물 처리비 | H37: ='원가계산서(건+토+기)'!L37 -> 4100999.7
A38: 10. 시 설 분 담 금 | H38: =공종별총괄표!L28 -> 0
A39: 조 사 금 액 | H39: =H36+H37+H38 -> 2.168218e+09
A40: 관급자재대(도급자관급) | H40: ='원가계산서(건+토+기)'!L40 -> 293450000
A41: 관급자재대(관급자관급) | H41: ='원가계산서(건+토+기)'!L41 -> 219284000
A42: 총 공 사 비 | H42: =H39+H40+H41 -> 2.680952e+09
H44: ='원가계산서(건+토+기)'!L42 -> 2.680952e+09
H46: =H42-H44 -> -0.31820011

Sheet 원가계산서(건+토+기)
A1: 공 사 원 가 계 산 서
A2: =원가제비율!D3 -> 대화면도시재생사업청학당조성공사기본및실시설 | K2: 공사기간 : | L2: =원가제비율!D5 -> 7~12개월이하, 2025.04.01 제비율
A3: 구 분 | E3: 산 출 방 법 | H3: 건 축 | I3: 토 목 | J3: 조 경 | K3: 기 계 | L3: 합 계 | M3: 비 고
A5: 1. 순공사 원가 | E5: [가+나+다] | H5: =H6+H8+H11 -> 1.5464205e+09 | I5: =I6+I8+I11 -> 57528998 | J5: =J6+J8+J11 -> 0 | K5: =K6+K8+K11 -> 78906950 | L5: =H5+I5+J5+K5 -> 1.6828565e+09
B6: 가. 재료비 | H6: =H7 -> 491423918 | I6: =I7 -> 18422520 | J6: =J7 -> 0 | K6: =K7 -> 50295405 | L6: =H6+I6+J6+K6 -> 560141843
C7: 가-1. 직접재료비 | H7: ='원가계산서(건축)'!H7 -> 491423918 | I7: ='원가계산서(토목)'!H7 -> 18422520 | J7: ='원가계산서(조경)'!H7 -> 0 | K7: ='원가계산서(기계)'!H7 -> 50295405 | L7: =H7+I7+J7+K7 -> 560141843
B8: 나. 노무비 | H8: =H9+H10 -> 7.3016151e+08 | I8: =I9+I10 -> 12052357 | J8: =J9+J10 -> 0 | K8: =K9+K10 -> 20334804 | L8: =H8+I8+J8+K8 -> 7.6254867e+08
C9: 나-1. 직접노무비 | H9: ='원가계산서(건축)'!H9 -> 635475641 | I9: ='원가계산서(토목)'!H9 -> 10489432 | J9: ='원가계산서(조경)'!H9 -> 0 | K9: ='원가계산서(기계)'!H9 -> 17697828 | L9: =H9+I9+J9+K9 -> 663662901
C10: 나-2. 간접노무비 | E10: [나1] 의 | G10: =원가제비율!G16 -> 0.149 | H10: =H9*G10 -> 94685871 | I10: =I9*G10 -> 1562925.4 | J10: =J9*G10 -> 0 | K10: =K9*G10 -> 2636976.4 | L10: =H10+I10+J10+K10 -> 98885772
B11: 다. 경비 | H11: =H12+H13+H14+H15+H16+H17+H18+H19+H23+H24+H25+H26+H27+H28+H29 -> 3.2483511e+08 | I11: =I12+I13+I14+I15+I16+I17+I18+I19+I23+I24+I25+I26+I27+I28+I29 -> 27054120 | J11: =J12+J13+J14+J15+J16+J17+J18+J19+J23+J24+J25+J26+J27+J28+J29 -> 0 | K11: =K12+K13+K14+K15+K16+K17+K18+K19+K23+K24+K25+K26+K27+K28+K29 -> 8276740.3 | L11: =H11+I11+J11+K11 -> 3.6016597e+08
C12: 다-1. 산출경비 | H12: ='원가계산서(건축)'!H12 -> 103491491 | I12: ='원가계산서(토목)'!H12 -> 10255934 | J12: ='원가계산서(조경)'!H12 -> 0 | K12: ='원가계산서(기계)'!H12 -> 51884 | L12: =H12+I12+J12+K12 -> 113799309
C13: 다-2. 산재보험료 | E13: [나] 의 | G13: =원가제비율!G19 -> 0.0356 | H13: ='원가계산서(건축)'!H13 -> 25993750 | I13: ='원가계산서(토목)'!H13 -> 429063.92 | J13: ='원가계산서(조경)'!H13 -> 0 | K13: ='원가계산서(기계)'!H13 -> 723919.04 | L13: =H13+I13+J13+K13 -> 27146733
C14: 다-3. 고용보험료 | E14: [나] 의 | G14: =원가제비율!G20 -> 0.0101 | H14: ='원가계산서(건축)'!H14 -> 7374631.3 | I14: ='원가계산서(토목)'!H14 -> 121728.81 | J14: ='원가계산서(조경)'!H14 -> 0 | K14: ='원가계산서(기계)'!H14 -> 205381.52 | L14: =H14+I14+J14+K14 -> 7701741.6
C15: 다-4. 국민건강보험료 | E15: [나1] 의 | G15: =원가제비율!G21 -> 0.03545 | H15: ='원가계산서(건축)'!H15 -> 22527611 | I15: ='원가계산서(토목)'!H15 -> 371850.36 | J15: ='원가계산서(조경)'!H15 -> 0 | K15: ='원가계산서(기계)'!H15 -> 627388 | L15: =H15+I15+J15+K15 -> 23526850
C16: 다-5. 노인장기요양보험료 | E16: [다4] 의 | G16: =원가제비율!G22 -> 0.1295 | H16: ='원가계산서(건축)'!H16 -> 2917325 | I16: ='원가계산서(토목)'!H16 -> 48154 | J16: ='원가계산서(조경)'!H16 -> 0 | K16: ='원가계산서(기계)'!H16 -> 81246 | L16: =H16+I16+J16+K16 -> 3046725
C17: 다-6. 국민연금보험료 | E17: [나1] 의 | G17: =원가제비율!G23 -> 0.045 | H17: ='원가계산서(건축)'!H17 -> 28596404 | I17: ='원가계산서(토목)'!H17 -> 472024.44 | J17: ='원가계산서(조경)'!H17 -> 0 | K17: ='원가계산서(기계)'!H17 -> 796402.26 | L17: =H17+I17+J17+K17 -> 29864831
C18: 다-7. 퇴직공제부금비 | E18: [나1] 의 | G18: =원가제비율!G24 -> 0.023 | H18: ='원가계산서(건축)'!H18 -> 14615940 | I18: ='원가계산서(토목)'!H18 -> 241256.94 | J18: ='원가계산서(조경)'!H18 -> 0 | K18: ='원가계산서(기계)'!H18 -> 407050.04 | L18: =H18+I18+J18+K18 -> 15264247
C19: 다-8. 산업안전보건관리비 | E19: ※ 관급포함시 : ⓑ와ⓒ 비교후 적은금액 적용 | H19: ='원가계산서(건축)'!H19 -> 35873599 | I19: ='원가계산서(토목)'!H19 -> 886321.96 | J19: ='원가계산서(조경)'!H19 -> 0 | K19: ='원가계산서(기계)'!H19 -> 1550245.7 | L19: =H19+I19+J19+K19 -> 38310166
D20: ⓐ.일반의경우 | E20: [가+나1] 의 | F20: =원가제비율!F26 -> 0.0228 | G20: =원가제비율!G26 -> 4325000 | H20: ='원가계산서(건축)'!H20 -> 30018310 | I20: ='원가계산서(토목)'!H20 -> 659192.51 | J20: ='원가계산서(조경)'!H20 -> 0 | K20: ='원가계산서(기계)'!H20 -> 1550245.7 | L20: =H20+I20+J20+K20 -> 32227748
D21: ⓑ.ⓐ의 1.2배 | H21: ='원가계산서(건축)'!H21 -> 36021972 | I21: ='원가계산서(토목)'!H21 -> 791031.01 | J21: ='원가계산서(조경)'!H21 -> 0 | K21: ='원가계산서(기계)'!H21 -> 1860294.9 | L21: =H21+I21+J21+K21 -> 38673298
D22: ⓒ.관급자재대 포함 | E22: [가+나1+관급자재대] 의 | F22: =원가제비율!F28 -> 0.0228 | G22: =원가제비율!G28 -> 4325000 | H22: ='원가계산서(건축)'!H22 -> 35873599 | I22: ='원가계산서(토목)'!H22 -> 886321.96 | J22: ='원가계산서(조경)'!H22 -> 0 | K22: ='원가계산서(기계)'!H22 -> 1550245.7 | L22: =H22+I22+J22+K22 -> 38310166
C23: 다-9. 기타경비 | E23: [가+나] 의 | G23: =원가제비율!G29 -> 0.048 | H23: ='원가계산서(건축)'!H23 -> 58636101 | I23: ='원가계산서(토목)'!H23 -> 1462794.1 | J23: ='원가계산서(조경)'!H23 -> 0 | K23: ='원가계산서(기계)'!H23 -> 3390250 | L23: =H23+I23+J23+K23 -> 63489145
C24: 다-10. 공사이행보증서 발급수수료 | E24: ([가+나1+다1] 의-140억원*0.019%)*공기(년) | H24: ='원가계산서(건축)'!H24 -> 0 | I24: ='원가계산서(토목)'!H24 -> 0 | J24: ='원가계산서(조경)'!H24 -> 0 | K24: ='원가계산서(기계)'!H24 -> 0 | L24: =H24+I24+J24+K24 -> 0
C25: 다-11. 하도급 대금 지급보증서 발급수수료 | E25: [가+나1+다1] 의 | G25: =원가제비율!G31 -> 0.00081 | H25: ='원가계산서(건축)'!H25 -> 996616.75 | I25: ='원가계산서(토목)'!H25 -> 31725.988 | J25: ='원가계산서(조경)'!H25 -> 0 | K25: ='원가계산서(기계)'!H25 -> 55116.545 | L25: =H25+I25+J25+K25 -> 1083459.3
C26: 다-12. 건설기계대여대금지급보증서발급금액 | E26: [가+나1+다1] 의 | G26: =원가제비율!G32 -> 0.0007 | H26: ='원가계산서(건축)'!H26 -> 861273.73 | I26: ='원가계산서(토목)'!H26 -> 27417.52 | J26: ='원가계산서(조경)'!H26 -> 0 | K26: ='원가계산서(기계)'!H26 -> 47631.582 | L26: =H26+I26+J26+K26 -> 936322.84
C27: 다-13. 환경보전비 | E27: [가+나1+다1] 의 | G27: =원가제비율!G33 -> 0.005 | H27: ='원가계산서(건축)'!H27 -> 6151955.2 | I27: ='원가계산서(토목)'!H27 -> 195839.43 | J27: ='원가계산서(조경)'!H27 -> 0 | K27: ='원가계산서(기계)'!H27 -> 340225.59 | L27: =H27+I27+J27+K27 -> 6688020.3
C28: 다-14. 품질관리비 | H28: ='원가계산서(건축)'!H28 -> 7798410 | I28: ='원가계산서(토목)'!H28 -> 0 | J28: ='원가계산서(조경)'!H28 -> 0 | K28: ='원가계산서(기계)'!H28 -> 0 | L28: =H28+I28+J28+K28 -> 7798410
C29: 다-15. 안전관리비 | H29: ='원가계산서(건축)'!H29 -> 9000000 | I29: ='원가계산서(토목)'!H29 -> 12510009 | J29: ='원가계산서(조경)'!H29 -> 0 | K29: ='원가계산서(기계)'!H29 -> 0 | L29: =H29+I29+J29+K29 -> 21510009
A30: 2. 일 반 관 리 비 | E30: [1] 의 | G30: =원가제비율!G36 -> 0.06 | H30: ='원가계산서(건축)'!H30 -> 92785232 | I30: ='원가계산서(토목)'!H30 -> 3451739.9 | J30: ='원가계산서(조경)'!H30 -> 0 | K30: ='원가계산서(기계)'!H30 -> 4734417 | L30: =H30+I30+J30+K30 -> 1.0097139e+08
A31: 3. 이 윤 | E31: [나+다+2]의 | G31: =원가제비율!G37 -> 0.15 | H31: ='원가계산서(건축)'!H31 -> 1.7216696e+08 | I31: ='원가계산서(토목)'!H31 -> 6382899 | J31: ='원가계산서(조경)'!H31 -> 0 | K31: ='원가계산서(기계)'!H31 -> 5001360.6 | L31: =H31+I31+J31+K31 -> 1.8355122e+08
A32: 4. T. A. B 공 사 | H32: ='원가계산서(건축)'!H32 -> 0 | I32: ='원가계산서(토목)'!H32 -> 0 | J32: ='원가계산서(조경)'!H32 -> 0 | K32: ='원가계산서(기계)'!H32 -> 0 | L32: =H32+I32+J32+K32 -> 0
A33: 5. 시공 상세도 작성비 | H33: ='원가계산서(건축)'!H33 -> 0 | I33: ='원가계산서(토목)'!H33 -> 0 | K33: ='원가계산서(기계)'!H33 -> 0 | L33: =H33+I33+J33+K33 -> 0
A34: 6. 공 급 가 액 | E34: [1+2+3+4+5] | H34: ='원가계산서(건축)'!H34 -> 1.8113727e+09 | I34: ='원가계산서(토목)'!H34 -> 67363637 | J34: ='원가계산서(조경)'!H33 -> 0 | K34: ='원가계산서(기계)'!H34 -> 88642727 | L34: =H34+I34+J34+K34 -> 1.9673791e+09
A35: 7. 부 가 가 치 세 | E35: [6]의 | G35: 0.1 | H35: ='원가계산서(건축)'!H35 -> 1.8113727e+08 | I35: ='원가계산서(토목)'!H35 -> 6736363.7 | J35: ='원가계산서(조경)'!H34 -> 0 | K35: ='원가계산서(기계)'!H35 -> 8864272.7 | L35: =H35+I35+J35+K35 -> 1.9673791e+08
A36: 8. 도 급 액 | E36: [6+7] | H36: ='원가계산서(건축)'!H36 -> 1.99251e+09 | I36: ='원가계산서(토목)'!H36 -> 74100000 | J36: ='원가계산서(조경)'!H35 -> 0 | K36: ='원가계산서(기계)'!H36 -> 97507000 | L36: =H36+I36+J36+K36 -> 2.164117e+09
A37: 9. 건설 폐기물 처리비 | H37: ='원가계산서(건축)'!H37 -> 3145999.7 | I37: ='원가계산서(토목)'!H37 -> 955000 | J37: ='원가계산서(조경)'!H36 -> 0 | K37: ='원가계산서(기계)'!H37 -> 0 | L37: =H37+I37+J37+K37 -> 4100999.7
A38: 10. 시 설 분 담 금 | H38: ='원가계산서(건축)'!H38 -> 0 | I38: ='원가계산서(토목)'!H38 -> 0 | J38: ='원가계산서(조경)'!H37 -> 0 | K38: ='원가계산서(기계)'!H38 -> 0 | L38: =H38+I38+J38+K38 -> 0
A39: 조 사 금 액 | H39: =H36+H37+H38+1 -> 1.995656e+09 | I39: =I36+I37+I38 -> 75055000 | J39: =J36+J37+J38 -> 0 | K39: =K36+K37+K38 -> 97507000 | L39: =L36+L37+L38+1 -> 2.168218e+09
A40: 관급자재대(도급자관급) | H40: ='원가계산서(건축)'!H40 -> 282492000 | I40: ='원가계산서(토목)'!H40 -> 10958000 | J40: ='원가계산서(조경)'!H39 -> 0 | K40: ='원가계산서(기계)'!H40 -> 0 | L40: =H40+I40+J40+K40 -> 293450000
A41: 관급자재대(관급자관급) | H41: ='원가계산서(건축)'!H41 -> 176354000 | I41: ='원가계산서(토목)'!H41 -> 0 | J41: ='원가계산서(조경)'!H40 -> 0 | K41: ='원가계산서(기계)'!H41 -> 42930000 | L41: =H41+I41+J41+K41 -> 219284000
A42: 총 공 사 비 | H42: =H39+H40+H41 -> 2.454502e+09 | I42: =I39+I40+I41 -> 86013000 | J42: =J39+J40+J41 -> 0 | K42: =K39+K40+K41 -> 1.40437e+08 | L42: =L39+L40+L41 -> 2.680952e+09
H44: ='원가계산서(건축)'!H42 -> 2.454502e+09 | I44: ='원가계산서(토목)'!H42 -> 86013000 | J44: ='원가계산서(조경)'!H41 -> 0 | K44: ='원가계산서(기계)'!H42 -> 1.40437e+08 | L44: =H44+I44+J44+K44 -> 2.680952e+09
A46: 2 | B46: 2 | C46: 5 | D46: 29 | E46: 20 | F46: 15 | G46: 17 | H46: 20 | I46: 20 | J46: 20 | K46: 20 | L46: 20 | M46: 12
I47: =H39+I39+J39+K39 -> 2.168218e+09

Sheet 원가계산서(건축)
A1: 공 사 원 가 계 산 서
A2: =원가제비율!D3 -> 대화면도시재생사업청학당조성공사기본및실시설 | G2: 공사기간 : | H2: =원가제비율!D5 -> 7~12개월이하, 2025.04.01 제비율
A3: 구 분 | E3: 산 출 방 법 | H3: 금 액 | I3: 비 고
A5: 1. 순공사 원가 | E5: [가+나+다] | H5: =H6+H8+H11 -> 1.5464205e+09
B6: 가. 재료비 | H6: =H7 -> 491423918
C7: 가-1. 직접재료비 | H7: =공종별총괄표!F6 -> 491423918
B8: 나. 노무비 | H8: =H9+H10 -> 7.3016151e+08
C9: 나-1. 직접노무비 | H9: =공종별총괄표!H6 -> 635475641
C10: 나-2. 간접노무비 | E10: [나1] 의 | G10: =원가제비율!G16 -> 0.149 | H10: =H9*G10 -> 94685871
B11: 다. 경비 | H11: =H12+H13+H14+H15+H16+H17+H18+H19+H23+H24+H25+H26+H27+H28+H29 -> 3.2483511e+08
C12: 다-1. 산출경비 | H12: =공종별총괄표!J6 -> 103491491
C13: 다-2. 산재보험료 | E13: [나] 의 | G13: =원가제비율!G19 -> 0.0356 | H13: =H8*G13 -> 25993750
C14: 다-3. 고용보험료 | E14: [나] 의 | G14: =원가제비율!G20 -> 0.0101 | H14: =H8*G14 -> 7374631.3
C15: 다-4. 국민건강보험료 | E15: [나1] 의 | G15: =원가제비율!G21 -> 0.03545 | H15: =H9*G15 -> 22527611
C16: 다-5. 노인장기요양보험료 | E16: [다4] 의 | G16: =원가제비율!G22 -> 0.1295 | H16: =INT(H15*G16) -> 2917325
C17: 다-6. 국민연금보험료 | E17: [나1] 의 | G17: =원가제비율!G23 -> 0.045 | H17: =H9*G17 -> 28596404
C18: 다-7. 퇴직공제부금비 | E18: [나1] 의 | G18: =원가제비율!G24 -> 0.023 | H18: =H9*G18 -> 14615940
C19: 다-8. 산업안전보건관리비 | E19: ※ 관급포함시 : ⓑ와ⓒ 비교후 적은금액 적용 | H19: =H22 -> 35873599 | K19: 건축분야총괄에 따름
D20: ⓐ.일반의경우 | E20: [가+나1] 의 | F20: =원가제비율!F26 -> 0.0228 | G20: =원가제비율!G26 -> 4325000 | H20: =(H7+H9)*F20+G20 -> 30018310
D21: ⓑ.ⓐ의 1.2배 | H21: =H20*1.2 -> 36021972
D22: ⓒ.관급자재대 포함 | E22: [가+나1+관급자재대] 의 | F22: =원가제비율!F28 -> 0.0228 | G22: =원가제비율!G28 -> 4325000 | H22: =(H6+H9+H40/1.1)*F22+G22 -> 35873599
C23: 다-9. 기타경비 | E23: [가+나] 의 | G23: =원가제비율!G29 -> 0.048 | H23: =(H6+H8)*G23 -> 58636101
C24: 다-10. 공사이행보증서 발급수수료 | E24: ([가+나1+다1] 의-140억원*0.019%)*공기(년)
C25: 다-11. 하도급 대금 지급보증서 발급수수료 | E25: [가+나1+다1] 의 | G25: =원가제비율!G31 -> 0.00081 | H25: =(H6+H9+H12)*G25 -> 996616.75
C26: 다-12. 건설기계대여대금지급보증서발급금액 | E26: [가+나1+다1] 의 | G26: =원가제비율!G32 -> 0.0007 | H26: =(H6+H9+H12)*G26 -> 861273.73
C27: 다-13. 환경보전비 | E27: [가+나1+다1] 의 | G27: =원가제비율!G33 -> 0.005 | H27: =(H6+H9+H12)*G27 -> 6151955.2
C28: 다-14. 품질관리비 | H28: =공종별집계표!L33 -> 7798410
C29: 다-15. 안전관리비 | H29: =공종별집계표!L35 -> 9000000
A30: 2. 일 반 관 리 비 | E30: [1] 의 | G30: =원가제비율!G36 -> 0.06 | H30: =H5*G30 -> 92785232
A31: 3. 이 윤 | E31: [나+다+2]의 | G31: =원가제비율!G37 -> 0.15 | H31: =(H8+H11+H30)*G31-352/1.1 -> 1.7216696e+08 | L31: 0.036 | M31: <-추정가격에 따라 변경
A32: 4. T. A. B 공 사
A33: 5. 시공 상세도 작성비
A34: 6. 공 급 가 액 | E34: [1+2+3+4+5] | H34: =(H5+H30+H31+H32+H33) -> 1.8113727e+09 | K34: 주휴수당 | L34: =H9*L31*1.4 -> 32027972
A35: 7. 부 가 가 치 세 | E35: [6]의 | G35: 0.1 | H35: =H34*G35 -> 1.8113727e+08 | K35: 고용개선장려금 | L35: =H9*L31*10% -> 2287712.3
A36: 8. 도 급 액 | E36: [6+7] | H36: =H34+H35 -> 1.99251e+09 | K36: 국민연금,건강보혐료지원 | L36: =H9*O37%*20% -> 10078644 | M36: 건강보험료 | N36: 연금보험료 | O36: 합계
A37: 9. 건설 폐기물 처리비 | H37: =공종별총괄표!L24*1.1-569 -> 3145999.7 | I37: 부가가치세포함 | L37: =SUM(L34:L36) -> 44394328 | M37: 3.43 | N37: 4.5 | O37: =M37+N37 -> 7.93
A38: 10. 시 설 분 담 금 | H38: =공종별총괄표!L28 -> 0 | K38: 이동형렌탈 | L38: 1625000
A39: 조 사 금 액 | H39: =H36+H37+H38+1 -> 1.995656e+09
A40: 관급자재대(도급자관급) | H40: =공종별총괄표!L12-336 -> 282492000
A41: 관급자재대(관급자관급) | H41: =공종별총괄표!L18-759 -> 176354000
A42: 총 공 사 비 | H42: =H39+H40+H41 -> 2.454502e+09
H44: 2518292000
H45: =H44-H42 -> 63790000

Sheet 원가계산서(토목)
A1: 공 사 원 가 계 산 서
A2: =원가제비율!D3 -> 대화면도시재생사업청학당조성공사기본및실시설 | G2: 공사기간 : | H2: =원가제비율!D5 -> 7~12개월이하, 2025.04.01 제비율
A3: 구 분 | E3: 산 출 방 법 | H3: 금 액 | I3: 비 고
A5: 1. 순공사 원가 | E5: [가+나+다] | H5: =H6+H8+H11 -> 57528998
B6: 가. 재료비 | H6: =H7 -> 18422520
C7: 가-1. 직접재료비 | H7: =공종별총괄표!F7 -> 18422520
B8: 나. 노무비 | H8: =H9+H10 -> 12052357
C9: 나-1. 직접노무비 | H9: =공종별총괄표!H7 -> 10489432
C10: 나-2. 간접노무비 | E10: [나1] 의 | G10: =원가제비율!G16 -> 0.149 | H10: =H9*G10 -> 1562925.4
B11: 다. 경비 | H11: =H12+H13+H14+H15+H16+H17+H18+H19+H23+H24+H25+H26+H27+H28+H29 -> 27054120
C12: 다-1. 산출경비 | H12: =공종별총괄표!J7 -> 10255934
C13: 다-2. 산재보험료 | E13: [나] 의 | G13: =원가제비율!G19 -> 0.0356 | H13: =H8*G13 -> 429063.92
C14: 다-3. 고용보험료 | E14: [나] 의 | G14: =원가제비율!G20 -> 0.0101 | H14: =H8*G14 -> 121728.81
C15: 다-4. 국민건강보험료 | E15: [나1] 의 | G15: =원가제비율!G21 -> 0.03545 | H15: =H9*G15 -> 371850.36
C16: 다-5. 노인장기요양보험료 | E16: [다4] 의 | G16: =원가제비율!G22 -> 0.1295 | H16: =INT(H15*G16) -> 48154
C17: 다-6. 국민연금보험료 | E17: [나1] 의 | G17: =원가제비율!G23 -> 0.045 | H17: =H9*G17 -> 472024.44
C18: 다-7. 퇴직공제부금비 | E18: [나1] 의 | G18: =원가제비율!G24 -> 0.023 | H18: =H9*G18 -> 241256.94
C19: 다-8. 산업안전보건관리비 | E19: ※ 관급포함시 : ⓑ와ⓒ 비교후 적은금액 적용 | H19: =H22 -> 886321.96 | K19: 건축분야총괄에 따름
D20: ⓐ.일반의경우 | E20: [가+나1] 의 | F20: =원가제비율!F26 -> 0.0228 | H20: =(H7+H9)*F20+G20 -> 659192.51
D21: ⓑ.ⓐ의 1.2배 | H21: =H20*1.2 -> 791031.01
D22: ⓒ.관급자재대 포함 | E22: [가+나1+관급자재대] 의 | F22: =원가제비율!F28 -> 0.0228 | H22: =(H6+H9+H40/1.1)*F22+G22 -> 886321.96
C23: 다-9. 기타경비 | E23: [가+나] 의 | G23: =원가제비율!G29 -> 0.048 | H23: =(H6+H8)*G23 -> 1462794.1
C24: 다-10. 공사이행보증서 발급수수료 | E24: ([가+나1+다1] 의-140억원*0.019%)*공기(년)
C25: 다-11. 하도급 대금 지급보증서 발급수수료 | E25: [가+나1+다1] 의 | G25: =원가제비율!G31 -> 0.00081 | H25: =(H6+H9+H12)*G25 -> 31725.988
C26: 다-12. 건설기계대여대금지급보증서발급금액 | E26: [가+나1+다1] 의 | G26: =원가제비율!G32 -> 0.0007 | H26: =(H6+H9+H12)*G26 -> 27417.52
C27: 다-13. 환경보전비 | E27: [가+나1+다1] 의 | G27: =원가제비율!G33 -> 0.005 | H27: =(H6+H9+H12)*G27 -> 195839.43
C28: 다-14. 품질관리비
C29: 다-15. 안전관리비 | H29: 12510009
A30: 2. 일 반 관 리 비 | E30: [1] 의 | G30: =원가제비율!G36 -> 0.06 | H30: =H5*G30 -> 3451739.9
A31: 3. 이 윤 | E31: [나+다+2]의 | G31: =원가제비율!G37 -> 0.15 | H31: =(H8+H11+H30)*G31-917/1.1 -> 6382899
A32: 4. T. A. B 공 사
A33: 5. 시공 상세도 작성비
A34: 6. 공 급 가 액 | E34: [1+2+3+4+5] | H34: =(H5+H30+H31+H32+H33) -> 67363637
A35: 7. 부 가 가 치 세 | E35: [6]의 | G35: 0.1 | H35: =H34*G35 -> 6736363.7
A36: 8. 도 급 액 | E36: [6+7] | H36: =H34+H35 -> 74100000
A37: 9. 건설 폐기물 처리비 | H37: =공종별총괄표!L25 -> 955000 | I37: 부가가치세포함
A38: 10. 시 설 분 담 금 | H38: =공종별총괄표!L28 -> 0
A39: 조 사 금 액 | H39: =H36+H37+H38 -> 75055000
A40: 관급자재대(도급자관급) | H40: =공종별총괄표!L13 -> 10958000
A41: 관급자재대(관급자관급) | H41: =공종별총괄표!L19 -> 0
A42: 총 공 사 비 | H42: =H39+H40+H41 -> 86013000

Sheet 원가계산서(조경)
A1: 공 사 원 가 계 산 서
A2: =원가제비율!D3 -> 대화면도시재생사업청학당조성공사기본및실시설 | G2: 공사기간 : | H2: =원가제비율!D5 -> 7~12개월이하, 2025.04.01 제비율
A3: 구 분 | E3: 산 출 방 법 | H3: 금 액 | I3: 비 고
A5: 1. 순공사 원가 | E5: [가+나+다] | H5: =H6+H8+H11 -> 0
B6: 가. 재료비 | H6: =H7 -> 0
C7: 가-1. 직접재료비 | H7: =공종별총괄표!F8 -> 0
B8: 나. 노무비 | H8: =H9+H10 -> 0
C9: 나-1. 직접노무비 | H9: =공종별총괄표!H8 -> 0
C10: 나-2. 간접노무비 | E10: [나1] 의 | G10: =원가제비율!G16 -> 0.149 | H10: =H9*G10 -> 0
B11: 다. 경비 | H11: =H12+H13+H14+H15+H16+H17+H18+H19+H23+H24+H25+H26+H27 -> 0
C12: 다-1. 산출경비 | H12: =공종별총괄표!J8 -> 0
C13: 다-2. 산재보험료 | E13: [나] 의 | G13: =원가제비율!G19 -> 0.0356 | H13: =H8*G13 -> 0
C14: 다-3. 고용보험료 | E14: [나] 의 | G14: =원가제비율!G20 -> 0.0101 | H14: =H8*G14 -> 0
C15: 다-4. 국민건강보험료 | E15: [나1] 의 | G15: =원가제비율!G21 -> 0.03545 | H15: =H9*G15 -> 0
C16: 다-5. 노인장기요양보험료 | E16: [다4] 의 | G16: =원가제비율!G22 -> 0.1295 | H16: =INT(H15*G16) -> 0
C17: 다-6. 국민연금보험료 | E17: [나1] 의 | G17: =원가제비율!G23 -> 0.045 | H17: =H9*G17 -> 0
C18: 다-7. 퇴직공제부금비 | E18: [나1] 의 | G18: =원가제비율!G24 -> 0.023 | H18: =H9*G18 -> 0
C19: 다-8. 산업안전보건관리비 | E19: ※ 관급포함시 : ⓑ와ⓒ 비교후 적은금액 적용 | H19: =H22 -> 0 | K19: 건축분야총괄에 따름
D20: ⓐ.일반의경우 | E20: [가+나1] 의 | F20: =원가제비율!F26 -> 0.0228 | H20: =(H7+H9)*F20+G20 -> 0
D21: ⓑ.ⓐ의 1.2배 | H21: =H20*1.2 -> 0
D22: ⓒ.관급자재대 포함 | E22: [가+나1+관급자재대] 의 | F22: =원가제비율!F28 -> 0.0228 | H22: =(H6+H9+H39/1.1)*F22+G22 -> 0
C23: 다-9. 기타경비 | E23: [가+나] 의 | G23: =원가제비율!G29 -> 0.048 | H23: =(H6+H8)*G23 -> 0
C24: 다-10. 공사이행보증서 발급수수료 | E24: ([가+나1+다1] 의-140억원*0.019%)*공기(년)
C25: 다-11. 하도급 대금 지급보증서 발급수수료 | E25: [가+나1+다1] 의 | G25: =원가제비율!G31 -> 0.00081 | H25: =(H6+H9+H12)*G25 -> 0
C26: 다-12. 건설기계대여대금지급보증서발급금액 | E26: [가+나1+다1] 의 | G26: =원가제비율!G32 -> 0.0007 | H26: =(H6+H9+H12)*G26 -> 0
C27: 다-13. 환경보전비 | E27: [가+나1+다1] 의 | G27: =원가제비율!G33 -> 0.005 | H27: =(H6+H9+H12)*G27 -> 0
C28: 다-14. 품질관리비
C29: 다-15. 안전관리비
A30: 2. 일 반 관 리 비 | E30: [1] 의 | G30: =원가제비율!G36 -> 0.06 | H30: =H5*G30 -> 0
A31: 3. 이 윤 | E31: [나+다+2]의 | G31: =원가제비율!G37 -> 0.15 | H31: =(H8+H11+H30)*G31 -> 0
A32: 4. T. A. B 공 사
A33: 5. 총 원 가 | E33: [1+2+3+4] | H33: =(H5+H30+H31+H32) -> 0
A34: 6. 부 가 가 치 세 | E34: [5]의 | G34: 0.1 | H34: =H33*G34 -> 0
A35: 7. 총 계 | E35: [5+6] | H35: =H33+H34 -> 0
A36: 8. 건설 폐기물 처리비
A37: 9. 시 설 분 담 금 | H37: =공종별총괄표!L28 -> 0
A38: 조 사 금 액 | H38: =H35+H36+H37 -> 0
A39: 관급자재대(도급자관급) | H39: =공종별총괄표!L14 -> 0
A40: 관급자재대(관급자관급) | H40: =공종별총괄표!L20 -> 0
A41: 총 공 사 비 | H41: =H38+H39+H40 -> 0

Sheet 원가계산서(기계)
A1: 공 사 원 가 계 산 서
A2: =원가제비율!D3 -> 대화면도시재생사업청학당조성공사기본및실시설 | G2: 공사기간 : | H2: =원가제비율!D5 -> 7~12개월이하, 2025.04.01 제비율
A3: 구 분 | E3: 산 출 방 법 | H3: 금 액 | I3: 비 고
A5: 1. 순공사 원가 | E5: [가+나+다] | H5: =H6+H8+H11 -> 78906950
B6: 가. 재료비 | H6: =H7 -> 50295405
C7: 가-1. 직접재료비 | H7: =공종별총괄표!F9 -> 50295405
B8: 나. 노무비 | H8: =H9+H10 -> 20334804
C9: 나-1. 직접노무비 | H9: =공종별총괄표!H9 -> 17697828
C10: 나-2. 간접노무비 | E10: [나1] 의 | G10: =원가제비율!G16 -> 0.149 | H10: =H9*G10 -> 2636976.4
B11: 다. 경비 | H11: =H12+H13+H14+H15+H16+H17+H18+H19+H23+H24+H25+H26+H27+H28+H29 -> 8276740.3
C12: 다-1. 산출경비 | H12: =공종별총괄표!J9 -> 51884
C13: 다-2. 산재보험료 | E13: [나] 의 | G13: =원가제비율!G19 -> 0.0356 | H13: =H8*G13 -> 723919.04
C14: 다-3. 고용보험료 | E14: [나] 의 | G14: =원가제비율!G20 -> 0.0101 | H14: =H8*G14 -> 205381.52
C15: 다-4. 국민건강보험료 | E15: [나1] 의 | G15: =원가제비율!G21 -> 0.03545 | H15: =H9*G15 -> 627388
C16: 다-5. 노인장기요양보험료 | E16: [다4] 의 | G16: =원가제비율!G22 -> 0.1295 | H16: =INT(H15*G16) -> 81246
C17: 다-6. 국민연금보험료 | E17: [나1] 의 | G17: =원가제비율!G23 -> 0.045 | H17: =H9*G17 -> 796402.26
C18: 다-7. 퇴직공제부금비 | E18: [나1] 의 | G18: =원가제비율!G24 -> 0.023 | H18: =H9*G18 -> 407050.04
C19: 다-8. 산업안전보건관리비 | E19: ※ 관급포함시 : ⓑ와ⓒ 비교후 적은금액 적용 | H19: =H22 -> 1550245.7 | K19: 건축분야총괄에 따름
D20: ⓐ.일반의경우 | E20: [가+나1] 의 | F20: =원가제비율!F26 -> 0.0228 | H20: =(H7+H9)*F20+G20 -> 1550245.7
D21: ⓑ.ⓐ의 1.2배 | H21: =H20*1.2 -> 1860294.9
D22: ⓒ.관급자재대 포함 | E22: [가+나1+관급자재대] 의 | F22: =원가제비율!F28 -> 0.0228 | H22: =(H6+H9+H40/1.1)*F22+G22 -> 1550245.7
C23: 다-9. 기타경비 | E23: [가+나] 의 | G23: =원가제비율!G29 -> 0.048 | H23: =(H6+H8)*G23 -> 3390250
C24: 다-10. 공사이행보증서 발급수수료 | E24: ([가+나1+다1] 의-140억원*0.019%)*공기(년)
C25: 다-11. 하도급 대금 지급보증서 발급수수료 | E25: [가+나1+다1] 의 | G25: =원가제비율!G31 -> 0.00081 | H25: =(H6+H9+H12)*G25 -> 55116.545
C26: 다-12. 건설기계대여대금지급보증서발급금액 | E26: [가+나1+다1] 의 | G26: =원가제비율!G32 -> 0.0007 | H26: =(H6+H9+H12)*G26 -> 47631.582
C27: 다-13. 환경보전비 | E27: [가+나1+다1] 의 | G27: =원가제비율!G33 -> 0.005 | H27: =(H6+H9+H12)*G27 -> 340225.59
C28: 다-14. 품질관리비
C29: 다-15. 안전관리비
A30: 2. 일 반 관 리 비 | E30: [1] 의 | G30: =원가제비율!G36 -> 0.06 | H30: =H5*G30 -> 4734417
A31: 3. 이 윤 | E31: [나+다+2]의 | G31: =원가제비율!G37 -> 0.15 | H31: =(H8+H11+H30)*G31-587/1.1 -> 5001360.6
A32: 4. T. A. B 공 사
A33: 5. 시공 상세도 작성비
A34: 6. 공 급 가 액 | E34: [1+2+3+4+5] | H34: =(H5+H30+H31+H32+H33) -> 88642727
A35: 7. 부 가 가 치 세 | E35: [6]의 | G35: 0.1 | H35: =H34*G35 -> 8864272.7
A36: 8. 도 급 액 | E36: [6+7] | H36: =H34+H35 -> 97507000
A37: 9. 건설 폐기물 처리비
A38: 10. 시 설 분 담 금 | H38: =공종별총괄표!L28 -> 0
A39: 조 사 금 액 | H39: =H36+H37+H38 -> 97507000
A40: 관급자재대(도급자관급) | H40: =공종별총괄표!L15 -> 0
A41: 관급자재대(관급자관급) | H41: =공종별총괄표!L21-580 -> 42930000
A42: 총 공 사 비 | H42: =H39+H40+H41 -> 1.40437e+08

Sheet 원가계산서(폐기물)
A1: 공 사 원 가 계 산 서
A2: =원가제비율!D3 -> 대화면도시재생사업청학당조성공사기본및실시설 | G2: 공사기간 : | H2: =원가제비율!D5 -> 7~12개월이하, 2025.04.01 제비율
A3: 구 분 | E3: 산 출 방 법 | H3: 금 액 | I3: 비 고
A5: 1. 순공사 원가 | E5: [가+나+다] | H5: =H6+H8+H11 -> 0
B6: 가. 재료비 | H6: =H7 -> 0
C7: 가-1. 직접재료비
B8: 나. 노무비 | H8: =H9+H10 -> 0
C9: 나-1. 직접노무비
C10: 나-2. 간접노무비 | E10: [나1] 의 | G10: =원가제비율!G16 -> 0.149 | H10: =H9*G10 -> 0
B11: 다. 경비 | H11: =H12+H13+H14+H15+H16+H17+H18+H19+H23+H24+H25+H26+H27+H28+H29 -> 0
C12: 다-1. 산출경비
C13: 다-2. 산재보험료 | E13: [나] 의 | G13: =원가제비율!G19 -> 0.0356 | H13: =H8*G13 -> 0
C14: 다-3. 고용보험료 | E14: [나] 의 | G14: =원가제비율!G20 -> 0.0101 | H14: =H8*G14 -> 0
C15: 다-4. 국민건강보험료 | E15: [나1] 의 | G15: =원가제비율!G21 -> 0.03545 | H15: =H9*G15 -> 0
C16: 다-5. 노인장기요양보험료 | E16: [다4] 의 | G16: =원가제비율!G22 -> 0.1295 | H16: =INT(H15*G16) -> 0
C17: 다-6. 국민연금보험료 | E17: [나1] 의 | G17: =원가제비율!G23 -> 0.045 | H17: =H9*G17 -> 0
C18: 다-7. 퇴직공제부금비 | E18: [나1] 의 | G18: =원가제비율!G24 -> 0.023 | H18: =H9*G18 -> 0
C19: 다-8. 산업안전보건관리비 | E19: ※ 관급포함시 : ⓑ와ⓒ 비교후 적은금액 적용
D20: ⓐ.일반의경우 | E20: [가+나1] 의 | F20: =원가제비율!F26 -> 0.0228
D21: ⓑ.ⓐ의 1.2배 | H21: =H20*1.2 -> 0
D22: ⓒ.관급자재대 포함 | E22: [가+나1+관급자재대] 의 | F22: =원가제비율!F28 -> 0.0228
C23: 다-9. 기타경비 | E23: [가+나] 의 | G23: =원가제비율!G29 -> 0.048 | H23: =(H6+H8)*G23 -> 0
C24: 다-10. 공사이행보증서 발급수수료 | E24: ([가+나1+다1] 의-140억원*0.019%)*공기(년)
C25: 다-11. 하도급 대금 지급보증서 발급수수료 | E25: [가+나1+다1] 의 | G25: =원가제비율!G31 -> 0.00081 | H25: =(H6+H9+H12)*G25 -> 0
C26: 다-12. 건설기계대여대금지급보증서발급금액 | E26: [가+나1+다1] 의 | G26: =원가제비율!G32 -> 0.0007 | H26: =(H6+H9+H12)*G26 -> 0
C27: 다-13. 환경보전비 | E27: [가+나1+다1] 의 | G27: =원가제비율!G33 -> 0.005 | H27: =(H6+H9+H12)*G27 -> 0
C28: 다-14. 품질관리비
C29: 다-15. 안전관리비
A30: 2. 일 반 관 리 비 | E30: [1] 의 | G30: =원가제비율!G36 -> 0.06 | H30: =H5*G30 -> 0
A31: 3. 이 윤 | E31: [나+다+2]의 | G31: =원가제비율!G37 -> 0.15 | H31: =(H8+H11+H30)*G31 -> 0
A32: 4. 총 원 가 | E32: [1+2+3+4]
A33: 5. 부 가 가 치 세 | E33: [5]의 | G33: 0.1 | H33: =H32*G33 -> 0
A34: 6. 총 계 | E34: [5+6] | H34: =H32+H33 -> 0
A35: 조 사 금 액 | H35: =H34 -> 0
A36: 관급자재대(도급자관급)
A37: 관급자재대(관급자관급)
A38: 총 공 사 비 | H38: =H35+H36+H37 -> 0

Sheet 공종별총괄표
A1: 공 종 별 총 괄 집 계 표
A2: =원가제비율!D3 -> 대화면도시재생사업청학당조성공사기본및실시설
A3: 품 명 | B3: 규 격 | C3: 단위 | D3: 수량 | E3: 재 료 비 | G3: 노 무 비 | I3: 경 비 | K3: 합 계 | M3: 비 고 | N3: 공종코드 | O3: 변수 | P3: 상위공종 | Q3: 공종구분 | R3: 공종레벨 | S3: 공종소계 | T3: 원가계산서 연결금액
E4: 단 가 | F4: 금 액 | G4: 단 가 | H4: 금 액 | I4: 단 가 | J4: 금 액 | K4: 단 가 | L4: 금 액
A5: =원가제비율!D3 -> 대화면도시재생사업청학당조성공사기본및실시설 | D5: 1 | E5: =F6+F7+F8+F9 -> 560141843 | F5: =E5*D5 -> 560141843 | G5: =H6+H7+H8+H9 -> 663662901 | H5: =G5*D5 -> 663662901 | I5: =J6+J7+J8+J9 -> 113799309 | J5: =I5*D5 -> 113799309 | K5: =E5+G5+I5 -> 1337604053 | L5: =F5+H5+J5 -> 1337604053 | N5: 01 | R5: 1
A6: 01 건축공사 | B6: 건축 | D6: 1 | E6: =공종별집계표!F6 -> 491423918 | F6: =E6*D6 -> 491423918 | G6: =공종별집계표!H6 -> 635475641 | H6: =G6*D6 -> 635475641 | I6: =공종별집계표!J6 -> 103491491 | J6: =I6*D6 -> 103491491 | K6: =E6+G6+I6 -> 1230391050 | L6: =F6+H6+J6 -> 1230391050 | N6: 0101 | P6: 01 | R6: 2
A7: 02 토목공사 | B7: 토목 | D7: 1 | E7: 18422520 | F7: =E7*D7 -> 18422520 | G7: 10489432 | H7: =G7*D7 -> 10489432 | I7: 10255934 | J7: =I7*D7 -> 10255934 | K7: =E7+G7+I7 -> 39167886 | L7: =F7+H7+J7 -> 39167886 | N7: 010103 | P7: 0101 | R7: 3
A8: 03 조경공사 | B8: 조경 | D8: 1 | F8: =E8*D8 -> 0 | H8: =G8*D8 -> 0 | J8: =I8*D8 -> 0 | K8: =E8+G8+I8 -> 0 | L8: =F8+H8+J8 -> 0 | N8: 010103 | P8: 0101 | R8: 3
A9: 03 기계공사 | B9: 기계 | D9: 1 | E9: 50295405 | F9: =E9*D9 -> 50295405 | G9: 17697828 | H9: =G9*D9 -> 17697828 | I9: 51884 | J9: =I9*D9 -> 51884 | K9: =E9+G9+I9 -> 68045117 | L9: =F9+H9+J9 -> 68045117
A11: < 도급자(시공업체)설치 관급자재 내역 > | D11: 1 | E11: =F12+F13+F14+F15 -> 291874071 | F11: =E11*D11 -> 291874071 | G11: =H12+H13+H14+H15 -> 0 | H11: =G11*D11 -> 0 | I11: =J12+J13+J14+J15 -> 1576265 | J11: =I11*D11 -> 1576265 | K11: =L12+L13+L14+L15 -> 293450336 | L11: =F11+H11+J11 -> 293450336
A12: 01 관급재비 | B12: 건축 | D12: 1 | E12: =공종별집계표!F38 -> 280975071 | F12: =E12*D12 -> 280975071 | G12: =공종별집계표!H38 -> 0 | H12: =G12*D12 -> 0 | I12: =공종별집계표!J38 -> 1517265 | J12: =I12*D12 -> 1517265 | K12: =E12+G12+I12 -> 282492336 | L12: =F12+H12+J12 -> 282492336
A13: 02.관급재비 | B13: 토목 | D13: 1 | E13: 10899000 | F13: =E13*D13 -> 10899000 | H13: =G13*D13 -> 0 | I13: 59000 | J13: =I13*D13 -> 59000 | K13: =E13+G13+I13 -> 10958000 | L13: =F13+H13+J13 -> 10958000
A14: 03.관급재비 | B14: 조경 | D14: 1 | F14: =E14*D14 -> 0 | H14: =G14*D14 -> 0 | J14: =I14*D14 -> 0 | K14: =E14+G14+I14 -> 0 | L14: =F14+H14+J14 -> 0
A15: 03.관급재비 | B15: 기계 | D15: 1 | F15: =E15*D15 -> 0 | H15: =G15*D15 -> 0 | J15: =I15*D15 -> 0 | K15: =E15+G15+I15 -> 0 | L15: =F15+H15+J15 -> 0
A17: < 관급자(제조업체)설치 관급자재 내역 > | D17: 1 | E17: =F18+F19+F20+F21 -> 218612260 | F17: =E17*D17 -> 218612260 | G17: =H18+H19+H20+H21 -> 0 | H17: =G17*D17 -> 0 | I17: =J18+J19+J20+J21 -> 673079 | J17: =I17*D17 -> 673079 | K17: =L18+L19+L20+L21 -> 219285339 | L17: =F17+H17+J17 -> 219285339
A18: 01 관급재비 | B18: 건축 | D18: 1 | E18: =공종별집계표!F39 -> 175681680 | F18: =E18*D18 -> 175681680 | G18: =공종별집계표!H39 -> 0 | H18: =G18*D18 -> 0 | I18: =공종별집계표!J39 -> 673079 | J18: =I18*D18 -> 673079 | K18: =E18+G18+I18 -> 176354759 | L18: =F18+H18+J18 -> 176354759
A19: 02.관급재비 | B19: 토목 | D19: 1 | F19: =E19*D19 -> 0 | H19: =G19*D19 -> 0 | J19: =I19*D19 -> 0 | K19: =E19+G19+I19 -> 0 | L19: =F19+H19+J19 -> 0
A20: 03.관급재비 | B20: 조경 | D20: 1 | F20: =E20*D20 -> 0 | H20: =G20*D20 -> 0 | J20: =I20*D20 -> 0 | K20: =E20+G20+I20 -> 0 | L20: =F20+H20+J20 -> 0
A21: =A15 -> 03.관급재비 | B21: 기계 | D21: 1 | E21: 42930580 | F21: =E21*D21 -> 42930580 | H21: =G21*D21 -> 0 | J21: =I21*D21 -> 0 | K21: =E21+G21+I21 -> 42930580 | L21: =F21+H21+J21 -> 42930580
A23: < 건설폐기물처리비 > | D23: 1 | E23: =F24+F25 -> 0 | F23: =E23*D23 -> 0 | G23: =H24+H25 -> 0 | H23: =G23*D23 -> 0 | I23: =J24+J25 -> 3815517 | J23: =I23*D23 -> 3815517 | K23: =L24+L25 -> 3815517 | L23: =F23+H23+J23 -> 3815517
A24: 01.건설폐기물처리비 | B24: 건축 | D24: 1 | F24: =E24*D24 -> 0 | H24: =G24*D24 -> 0 | I24: =공종별집계표!L32 -> 2860517 | J24: =I24*D24 -> 2860517 | K24: =E24+G24+I24 -> 2860517 | L24: =F24+H24+J24 -> 2860517 | M24: 부가가치세 미포함
A25: 02.건설폐기물처리비 | B25: 토목 | D25: 1 | F25: =E25*D25 -> 0 | H25: =G25*D25 -> 0 | I25: 955000 | J25: =I25*D25 -> 955000 | K25: =E25+G25+I25 -> 955000 | L25: =F25+H25+J25 -> 955000 | M25: 부가가치세 미포함
A27: < 기타경비 > | D27: 1 | E27: =F28 -> 0 | F27: =E27*D27 -> 0 | G27: =H28 -> 0 | H27: =G27*D27 -> 0 | I27: =J28 -> 0 | J27: =I27*D27 -> 0 | K27: =L28 -> 0 | L27: =F27+H27+J27 -> 0
A28: 01.시설분담금 | B28: 기계 | D28: 1 | F28: =E28*D28 -> 0 | H28: =G28*D28 -> 0 | J28: =I28*D28 -> 0 | K28: =E28+G28+I28 -> 0 | L28: =F28+H28+J28 -> 0
A29: [ 합 계 ] | F29: =F5 -> 560141843 | H29: =H5 -> 663662901 | J29: =J5 -> 113799309 | L29: =L5 -> 1337604053

Sheet 공종별집계표
A1: 공 종 별 집 계 표
A2: [ 대화면도시재생사업청학당조성공사기본및실시설 ]
A3: 품 명 | B3: 규 격 | C3: 단위 | D3: 수량 | E3: 재 료 비 | G3: 노 무 비 | I3: 경 비 | K3: 합 계 | M3: 비 고 | N3: 공종코드 | O3: 변수 | P3: 상위공종 | Q3: 공종구분 | R3: 공종레벨 | S3: 공종소계 | T3: 원가계산서 연결금액
E4: 단 가 | F4: 금 액 | G4: 단 가 | H4: 금 액 | I4: 단 가 | J4: 금 액 | K4: 단 가 | L4: 금 액
A5: 01 대화면도시재생사업청학당조성공사기본및실시설 | D5: 1 | E5: =F6 -> 491423918 | F5: =E5*D5 -> 491423918 | G5: =H6 -> 635475641 | H5: =G5*D5 -> 635475641 | I5: =J6 -> 103491491 | J5: =I5*D5 -> 103491491 | K5: =E5+G5+I5 -> 1230391050 | L5: =F5+H5+J5 -> 1230391050 | N5: 01 | R5: 1
A6: 0101 ★ 근린생활시설 | D6: 1 | E6: =F7+F8+F9+F10+F11+F12+F13+F14+F15+F16+F17+F18+F19+F20+F21+F22+F23+F24+F25+F26+F27+F28+F29+F30+F31 -> 491423918 | F6: =E6*D6 -> 491423918 | G6: =H7+H8+H9+H10+H11+H12+H13+H14+H15+H16+H17+H18+H19+H20+H21+H22+H23+H24+H25+H26+H27+H28+H29+H30+H31 -> 635475641 | H6: =G6*D6 -> 635475641 | I6: =J7+J8+J9+J10+J11+J12+J13+J14+J15+J16+J17+J18+J19+J20+J21+J22+J23+J24+J25+J26+J27+J28+J29+J30+J31 -> 103491491 | J6: =I6*D6 -> 103491491 | K6: =E6+G6+I6 -> 1230391050 | L6: =F6+H6+J6 -> 1230391050 | N6: 0101 | P6: 01 | R6: 2
A7: 010101 공통 가설 공사 | D7: 1 | E7: =공종별내역서!F28 -> 0 | F7: =E7*D7 -> 0 | G7: =공종별내역서!H28 -> 0 | H7: =G7*D7 -> 0 | I7: =공종별내역서!J28 -> 20653465 | J7: =I7*D7 -> 20653465 | K7: =E7+G7+I7 -> 20653465 | L7: =F7+H7+J7 -> 20653465 | N7: 010101 | P7: 0101 | R7: 3
A8: 010102 가 설 공 사 | D8: 1 | E8: =공종별내역서!F54 -> 9123799 | F8: =E8*D8 -> 9123799 | G8: =공종별내역서!H54 -> 51271240 | H8: =G8*D8 -> 51271240 | I8: =공종별내역서!J54 -> 110504 | J8: =I8*D8 -> 110504 | K8: =E8+G8+I8 -> 60505543 | L8: =F8+H8+J8 -> 60505543 | N8: 010102 | P8: 0101 | R8: 3
A9: 010103 토 및 지정공사 | D9: 1 | E9: =공종별내역서!F80 -> 56819539 | F9: =E9*D9 -> 56819539 | G9: =공종별내역서!H80 -> 35369090 | H9: =G9*D9 -> 35369090 | I9: =공종별내역서!J80 -> 25904410 | J9: =I9*D9 -> 25904410 | K9: =E9+G9+I9 -> 118093039 | L9: =F9+H9+J9 -> 118093039 | N9: 010103 | P9: 0101 | R9: 3
A10: 010104 철근콘크리트공사 | D10: 1 | E10: =공종별내역서!F106 -> 13080821 | F10: =E10*D10 -> 13080821 | G10: =공종별내역서!H106 -> 105695233 | H10: =G10*D10 -> 105695233 | I10: =공종별내역서!J106 -> 9330457 | J10: =I10*D10 -> 9330457 | K10: =E10+G10+I10 -> 128106511 | L10: =F10+H10+J10 -> 128106511 | N10: 010104 | P10: 0101 | R10: 3
A11: 010105 철 골 공 사 | D11: 1 | E11: =공종별내역서!F158 -> 66944921 | F11: =E11*D11 -> 66944921 | G11: =공종별내역서!H158 -> 108100919 | H11: =G11*D11 -> 108100919 | I11: =공종별내역서!J158 -> 32350062 | J11: =I11*D11 -> 32350062 | K11: =E11+G11+I11 -> 207395902 | L11: =F11+H11+J11 -> 207395902 | N11: 010105 | P11: 0101 | R11: 3
A12: 010106 조 적 공 사 | D12: 1 | E12: =공종별내역서!F184 -> 1059015 | F12: =E12*D12 -> 1059015 | G12: =공종별내역서!H184 -> 7406743 | H12: =G12*D12 -> 7406743 | I12: =공종별내역서!J184 -> 122450 | J12: =I12*D12 -> 122450 | K12: =E12+G12+I12 -> 8588208 | L12: =F12+H12+J12 -> 8588208 | N12: 010106 | P12: 0101 | R12: 3
A13: 010107 돌 공 사 | D13: 1 | E13: =공종별내역서!F210 -> 588627 | F13: =E13*D13 -> 588627 | G13: =공종별내역서!H210 -> 157028 | H13: =G13*D13 -> 157028 | I13: =공종별내역서!J210 -> 1516 | J13: =I13*D13 -> 1516 | K13: =E13+G13+I13 -> 747171 | L13: =F13+H13+J13 -> 747171 | N13: 010107 | P13: 0101 | R13: 3
A14: 010108 타 일 공 사 | D14: 1 | E14: =공종별내역서!F236 -> 1770999 | F14: =E14*D14 -> 1770999 | G14: =공종별내역서!H236 -> 7195728 | H14: =G14*D14 -> 7195728 | I14: =공종별내역서!J236 -> 172577 | J14: =I14*D14 -> 172577 | K14: =E14+G14+I14 -> 9139304 | L14: =F14+H14+J14 -> 9139304 | N14: 010108 | P14: 0101 | R14: 3
A15: 010109 방 수 공 사 | D15: 1 | E15: =공종별내역서!F262 -> 23743969 | F15: =E15*D15 -> 23743969 | G15: =공종별내역서!H262 -> 40563363 | H15: =G15*D15 -> 40563363 | I15: =공종별내역서!J262 -> 35650 | J15: =I15*D15 -> 35650 | K15: =E15+G15+I15 -> 64342982 | L15: =F15+H15+J15 -> 64342982 | N15: 010109 | P15: 0101 | R15: 3
A16: 010110 지붕 및 홈통공사 | D16: 1 | E16: =공종별내역서!F288 -> 5751711 | F16: =E16*D16 -> 5751711 | G16: =공종별내역서!H288 -> 4704180 | H16: =G16*D16 -> 4704180 | I16: =공종별내역서!J288 -> 63564 | J16: =I16*D16 -> 63564 | K16: =E16+G16+I16 -> 10519455 | L16: =F16+H16+J16 -> 10519455 | N16: 010110 | P16: 0101 | R16: 3
A17: 010111 금 속 공 사 | D17: 1 | E17: =공종별내역서!F340 -> 54539263 | F17: =E17*D17 -> 54539263 | G17: =공종별내역서!H340 -> 22234682 | H17: =G17*D17 -> 22234682 | I17: =공종별내역서!J340 -> 878190 | J17: =I17*D17 -> 878190 | K17: =E17+G17+I17 -> 77652135 | L17: =F17+H17+J17 -> 77652135 | N17: 010111 | P17: 0101 | R17: 3
A18: 010112 미 장 공 사 | D18: 1 | E18: =공종별내역서!F366 -> 2297790 | F18: =E18*D18 -> 2297790 | G18: =공종별내역서!H366 -> 22120593 | H18: =G18*D18 -> 22120593 | I18: =공종별내역서!J366 -> 408875 | J18: =I18*D18 -> 408875 | K18: =E18+G18+I18 -> 24827258 | L18: =F18+H18+J18 -> 24827258 | N18: 010112 | P18: 0101 | R18: 3
A19: 010113 창 호 공 사 | D19: 1 | E19: =공종별내역서!F418 -> 24506123 | F19: =E19*D19 -> 24506123 | G19: =공종별내역서!H418 -> 9425049 | H19: =G19*D19 -> 9425049 | I19: =공종별내역서!J418 -> 309304 | J19: =I19*D19 -> 309304 | K19: =E19+G19+I19 -> 34240476 | L19: =F19+H19+J19 -> 34240476 | N19: 010113 | P19: 0101 | R19: 3
A20: 010114 유 리 공 사 | D20: 1 | E20: =공종별내역서!F444 -> 23889640 | F20: =E20*D20 -> 23889640 | G20: =공종별내역서!H444 -> 10852500 | H20: =G20*D20 -> 10852500 | I20: =공종별내역서!J444 -> 1488 | J20: =I20*D20 -> 1488 | K20: =E20+G20+I20 -> 34743628 | L20: =F20+H20+J20 -> 34743628 | N20: 010114 | P20: 0101 | R20: 3
A21: 010115 칠 공 사 | D21: 1 | E21: =공종별내역서!F470 -> 13879267 | F21: =E21*D21 -> 13879267 | G21: =공종별내역서!H470 -> 34960448 | H21: =G21*D21 -> 34960448 | I21: =공종별내역서!J470 -> 0 | J21: =I21*D21 -> 0 | K21: =E21+G21+I21 -> 48839715 | L21: =F21+H21+J21 -> 48839715 | N21: 010115 | P21: 0101 | R21: 3
A22: 010116 수 장 공 사 | D22: 1 | E22: =공종별내역서!F496 -> 166411764 | F22: =E22*D22 -> 166411764 | G22: =공종별내역서!H496 -> 103682382 | H22: =G22*D22 -> 103682382 | I22: =공종별내역서!J496 -> 1769937 | J22: =I22*D22 -> 1769937 | K22: =E22+G22+I22 -> 271864083 | L22: =F22+H22+J22 -> 271864083 | N22: 010116 | P22: 0101 | R22: 3
A23: 010117 기 타 공 사 | D23: 1 | E23: =공종별내역서!F522 -> 579250 | F23: =E23*D23 -> 579250 | G23: =공종별내역서!H522 -> 203980 | H23: =G23*D23 -> 203980 | I23: =공종별내역서!J522 -> 4350 | J23: =I23*D23 -> 4350 | K23: =E23+G23+I23 -> 787580 | L23: =F23+H23+J23 -> 787580 | N23: 010117 | P23: 0101 | R23: 3
A24: 010118 판 넬 공 사 | D24: 1 | E24: =공종별내역서!F548 -> 6133900 | F24: =E24*D24 -> 6133900 | G24: =공종별내역서!H548 -> 58403079 | H24: =G24*D24 -> 58403079 | I24: =공종별내역서!J548 -> 2734117 | J24: =I24*D24 -> 2734117 | K24: =E24+G24+I24 -> 67271096 | L24: =F24+H24+J24 -> 67271096 | N24: 010118 | P24: 0101 | R24: 3
A25: 010119 부 대 공 사 | D25: 1 | E25: =공종별내역서!F574 -> 4709351 | F25: =E25*D25 -> 4709351 | G25: =공종별내역서!H574 -> 5514258 | H25: =G25*D25 -> 5514258 | I25: =공종별내역서!J574 -> 433193 | J25: =I25*D25 -> 433193 | K25: =E25+G25+I25 -> 10656802 | L25: =F25+H25+J25 -> 10656802 | N25: 010119 | P25: 0101 | R25: 3
A26: 010120 조 경 공 사 | D26: 1 | E26: =공종별내역서!F600 -> 7642890 | F26: =E26*D26 -> 7642890 | G26: =공종별내역서!H600 -> 4927398 | H26: =G26*D26 -> 4927398 | I26: =공종별내역서!J600 -> 324820 | J26: =I26*D26 -> 324820 | K26: =E26+G26+I26 -> 12895108 | L26: =F26+H26+J26 -> 12895108 | N26: 010120 | P26: 0101 | R26: 3
A27: 010121 철 거 공 사 | D27: 1 | E27: =공종별내역서!F626 -> 3196104 | F27: =E27*D27 -> 3196104 | G27: =공종별내역서!H626 -> 2687748 | H27: =G27*D27 -> 2687748 | I27: =공종별내역서!J626 -> 1074384 | J27: =I27*D27 -> 1074384 | K27: =E27+G27+I27 -> 6958236 | L27: =F27+H27+J27 -> 6958236 | N27: 010121 | P27: 0101 | R27: 3
A28: 010122 관급자재관리비 | D28: 1 | E28: =공종별내역서!F652 -> 0 | F28: =E28*D28 -> 0 | G28: =공종별내역서!H652 -> 0 | H28: =G28*D28 -> 0 | I28: =공종별내역서!J652 -> 153000 | J28: =I28*D28 -> 153000 | K28: =E28+G28+I28 -> 153000 | L28: =F28+H28+J28 -> 153000 | N28: 010122 | P28: 0101 | R28: 3
A29: 010123 골 재 비 | D29: 1 | E29: =공종별내역서!F678 -> 6403250 | F29: =E29*D29 -> 6403250 | G29: =공종별내역서!H678 -> 0 | H29: =G29*D29 -> 0 | I29: =공종별내역서!J678 -> 0 | J29: =I29*D29 -> 0 | K29: =E29+G29+I29 -> 6403250 | L29: =F29+H29+J29 -> 6403250 | N29: 010123 | P29: 0101 | R29: 3
A30: 010124 운 반 비 | D30: 1 | E30: =공종별내역서!F704 -> 0 | F30: =E30*D30 -> 0 | G30: =공종별내역서!H704 -> 0 | H30: =G30*D30 -> 0 | I30: =공종별내역서!J704 -> 6655178 | J30: =I30*D30 -> 6655178 | K30: =E30+G30+I30 -> 6655178 | L30: =F30+H30+J30 -> 6655178 | N30: 010124 | P30: 0101 | R30: 3
A31: 010125 작 업 부 산 물 | D31: 1 | E31: =공종별내역서!F730 -> -1648075 | F31: =E31*D31 -> -1648075 | G31: =공종별내역서!H730 -> 0 | H31: =G31*D31 -> 0 | I31: =공종별내역서!J730 -> 0 | J31: =I31*D31 -> 0 | K31: =E31+G31+I31 -> -1648075 | L31: =F31+H31+J31 -> -1648075 | N31: 010125 | P31: 0101 | R31: 3
A32: 010126 건설폐기물처리비 | D32: 1 | E32: =공종별내역서!F756 -> 0 | F32: =E32*D32 -> 0 | G32: =공종별내역서!H756 -> 0 | H32: =G32*D32 -> 0 | I32: =공종별내역서!J756 -> 2860517 | J32: =I32*D32 -> 2860517 | K32: =E32+G32+I32 -> 2860517 | L32: =F32+H32+J32 -> 2860517 | N32: 010126 | Q32: 8 | R32: 3 | T32: =L32*1 -> 2860517
A33: 0102 ◆ 품질 관리비 | D33: 1 | E33: =F34 -> 0 | F33: =E33*D33 -> 0 | G33: =H34 -> 0 | H33: =G33*D33 -> 0 | I33: =J34 -> 7798410 | J33: =I33*D33 -> 7798410 | K33: =E33+G33+I33 -> 7798410 | L33: =F33+H33+J33 -> 7798410 | N33: 0102 | Q33: 4 | R33: 2 | T33: =L33*1 -> 7798410
A34: 010201 품질 관리비 | D34: 1 | E34: =공종별내역서!F860 -> 0 | F34: =E34*D34 -> 0 | G34: =공종별내역서!H860 -> 0 | H34: =G34*D34 -> 0 | I34: =공종별내역서!J860 -> 7798410 | J34: =I34*D34 -> 7798410 | K34: =E34+G34+I34 -> 7798410 | L34: =F34+H34+J34 -> 7798410 | N34: 010201 | P34: 0102 | R34: 3
A35: 0103 ◆ 안전 관리비 | D35: 1 | E35: =F36 -> 0 | F35: =E35*D35 -> 0 | G35: =H36 -> 0 | H35: =G35*D35 -> 0 | I35: =J36 -> 9000000 | J35: =I35*D35 -> 9000000 | K35: =E35+G35+I35 -> 9000000 | L35: =F35+H35+J35 -> 9000000 | N35: 0103 | Q35: 4 | R35: 2 | T35: =L35*1 -> 9000000
A36: 010301 안전 관리비 | D36: 1 | E36: =공종별내역서!F886 -> 0 | F36: =E36*D36 -> 0 | G36: =공종별내역서!H886 -> 0 | H36: =G36*D36 -> 0 | I36: =공종별내역서!J886 -> 9000000 | J36: =I36*D36 -> 9000000 | K36: =E36+G36+I36 -> 9000000 | L36: =F36+H36+J36 -> 9000000 | N36: 010301 | P36: 0103 | R36: 3
A37: 0104 ★ 관 급 자 재 | D37: 1 | E37: =F38+F39 -> 456656751 | F37: =E37*D37 -> 456656751 | G37: =H38+H39 -> 0 | H37: =G37*D37 -> 0 | I37: =J38+J39 -> 2190344 | J37: =I37*D37 -> 2190344 | K37: =E37+G37+I37 -> 458847095 | L37: =F37+H37+J37 -> 458847095 | N37: 0104 | Q37: 7 | R37: 2 | T37: =L37*1 -> 458847095
A38: 010401 관급자재[도급자] | D38: 1 | E38: =공종별내역서!F938 -> 280975071 | F38: =E38*D38 -> 280975071 | G38: =공종별내역서!H938 -> 0 | H38: =G38*D38 -> 0 | I38: =공종별내역서!J938 -> 1517265 | J38: =I38*D38 -> 1517265 | K38: =E38+G38+I38 -> 282492336 | L38: =F38+H38+J38 -> 282492336 | N38: 010401 | P38: 0104 | R38: 3
A39: 010402 관급자재[관급자] | D39: 1 | E39: =공종별내역서!F964 -> 175681680 | F39: =E39*D39 -> 175681680 | G39: =공종별내역서!H964 -> 0 | H39: =G39*D39 -> 0 | I39: =공종별내역서!J964 -> 673079 | J39: =I39*D39 -> 673079 | K39: =E39+G39+I39 -> 176354759 | L39: =F39+H39+J39 -> 176354759 | N39: 010402 | P39: 0104 | R39: 3
A52: [ 합 계 ] | F52: =F5 -> 491423918 | H52: =H5 -> 635475641 | J52: =J5 -> 103491491 | L52: =L5 -> 1230391050

Sheet 공종별내역서
A1: 품 명 | B1: 규 격 | C1: 단위 | D1: 수량 | E1: 재 료 비 | G1: 노 무 비 | I1: 경 비 | K1: 합 계 | M1: 비 고 | N1: 품목코드 | O1: 변수 | P1: 설정 | Q1: 공종코드 | R1: 일위 | S1: 단산 | T1: 자재 | U1: 손료적용 | V1: 손료저장 | W1: 적용율 | X1: JUK1 | Y1: JUK2 | Z1: JUK3 | AA1: JUK4 | AB1: JUK5 | AC1: JUK6 | AD1: JUK7 | AE1: JUK8 | AF1: JUK9 | AG1: JUK10 | AH1: JUK11 | AI1: JUK12 | AJ1: JUK13 | AK1: JUK14 | AL1: JUK15 | AM1: JUK16 | AN1: JUK17 | AO1: JUK18 | AP1: JUK19 | AQ1: JUK20 | AR1: 자재구분 | AS1: 공종구분 | AT1: 공종레벨 | AU1: 공종+자재 | AV1: 고유번호
E2: 단 가 | F2: 금 액 | G2: 단 가 | H2: 금 액 | I2: 단 가 | J2: 금 액 | K2: 단 가 | L2: 금 액
A3: 010101 공통 가설 공사 | Q3: 010101
A4: 콘테이너형 가설사무소 설치 및 해체 | B4: 3.0*6.0m, 12개월 | C4: 개소 | D4: 1 | E4: =TRUNC(일위대가목록!E4,0) -> 0 | F4: =TRUNC(E4*D4, 0) -> 0 | G4: =TRUNC(일위대가목록!F4,0) -> 0 | H4: =TRUNC(G4*D4, 0) -> 0 | I4: =TRUNC(일위대가목록!G4,0) -> 1483066 | J4: =TRUNC(I4*D4, 0) -> 1483066 | K4: =TRUNC(E4+G4+I4, 0) -> 1483066 | L4: =TRUNC(F4+H4+J4, 0) -> 1483066 | M4: 호표 1 | N4: 5D67A30D8A60E669727759098E1435 | Q4: 010101 | R4: T | S4: F | T4: F | AU4: 0101015D67A30D8A60E669727759098E1435 | AV4: 433
A5: 콘테이너형 가설창고 설치 및 해체 | B5: 3.0*6.0m, 12개월 | C5: 개소 | D5: 1 | E5: =TRUNC(일위대가목록!E5,0) -> 0 | F5: =TRUNC(E5*D5, 0) -> 0 | G5: =TRUNC(일위대가목록!F5,0) -> 0 | H5: =TRUNC(G5*D5, 0) -> 0 | I5: =TRUNC(일위대가목록!G5,0) -> 1337498 | J5: =TRUNC(I5*D5, 0) -> 1337498 | K5: =TRUNC(E5+G5+I5, 0) -> 1337498 | L5: =TRUNC(F5+H5+J5, 0) -> 1337498 | M5: 호표 2 | N5: 5D67A30D8A60D5E97E3091D99881A5 | Q5: 010101 | R5: T | S5: F | T5: F | AU5: 0101015D67A30D8A60D5E97E3091D99881A5 | AV5: 434
A6: 콘테이너형 가설실험실 설치 및 해체 | B6: 3.0*6.0m, 12개월 | C6: 개소 | D6: 1 | E6: =TRUNC(일위대가목록!E6,0) -> 0 | F6: =TRUNC(E6*D6, 0) -> 0 | G6: =TRUNC(일위대가목록!F6,0) -> 0 | H6: =TRUNC(G6*D6, 0) -> 0 | I6: =TRUNC(일위대가목록!G6,0) -> 1337498 | J6: =TRUNC(I6*D6, 0) -> 1337498 | K6: =TRUNC(E6+G6+I6, 0) -> 1337498 | L6: =TRUNC(F6+H6+J6, 0) -> 1337498 | M6: 호표 3 | N6: 5D67A30D8A60D5E97E3091D99881F5 | Q6: 010101 | R6: T | S6: F | T6: F | AU6: 0101015D67A30D8A60D5E97E3091D99881F5 | AV6: 435
A7: 가설방음벽설치/(RPP) | B7: H=3.0, 12개월 | C7: M | D7: 122 | E7: =TRUNC(일위대가목록!E7,0) -> 0 | F7: =TRUNC(E7*D7, 0) -> 0 | G7: =TRUNC(일위대가목록!F7,0) -> 0 | H7: =TRUNC(G7*D7, 0) -> 0 | I7: =TRUNC(일위대가목록!G7,0) -> 124029 | J7: =TRUNC(I7*D7, 0) -> 15131538 | K7: =TRUNC(E7+G7+I7, 0) -> 124029 | L7: =TRUNC(F7+H7+J7, 0) -> 15131538 | M7: 호표 4 | N7: 5D67A30E84A236D1756C80E96F8845 | Q7: 010101 | R7: T | S7: F | T7: F | AU7: 0101015D67A30E84A236D1756C80E96F8845 | AV7: 623
A8: 가설방음문설치/(RPP) | B8: W=10.0*H=3.0, 12개월 | C8: EA | D8: 1 | E8: =TRUNC(일위대가목록!E8,0) -> 0 | F8: =TRUNC(E8*D8, 0) -> 0 | G8: =TRUNC(일위대가목록!F8,0) -> 0 | H8: =TRUNC(G8*D8, 0) -> 0 | I8: =TRUNC(일위대가목록!G8,0) -> 1363865 | J8: =TRUNC(I8*D8, 0) -> 1363865 | K8: =TRUNC(E8+G8+I8, 0) -> 1363865 | L8: =TRUNC(F8+H8+J8, 0) -> 1363865 | M8: 호표 5 | N8: 5D67A30E84A236D1756C80E91768D5 | Q8: 010101 | R8: T | S8: F | T8: F | AU8: 0101015D67A30E84A236D1756C80E91768D5 | AV8: 624
Q9: 010101
Q10: 010101
Q11: 010101
Q12: 010101
Q13: 010101
Q14: 010101
Q15: 010101
Q16: 010101
Q17: 010101
Q18: 010101
Q19: 010101
Q20: 010101
... Q27: 010101
A28: [ 합 계 ] | F28: =SUMIF(Q4:Q27,"010101",F4:F27) -> 0 | H28: =SUMIF(Q4:Q27,"010101",H4:H27) -> 0 | J28: =SUMIF(Q4:Q27,"010101",J4:J27) -> 20653465 | L28: =SUMIF(Q4:Q27,"010101",L4:L27) -> 20653465 | N28: TOTAL
A29: 010102 가 설 공 사 | Q29: 010102
A30: 수평 규준틀 | B30: 평 | C30: 개소 | D30: 10 | E30: =TRUNC(일위대가목록!E9,0) -> 7394 | F30: =TRUNC(E30*D30, 0) -> 73940 | G30: =TRUNC(일위대가목록!F9,0) -> 92625 | H30: =TRUNC(G30*D30, 0) -> 926250 | I30: =TRUNC(일위대가목록!G9,0) -> 0 | J30: =TRUNC(I30*D30, 0) -> 0 | K30: =TRUNC(E30+G30+I30, 0) -> 100019 | L30: =TRUNC(F30+H30+J30, 0) -> 1000190 | M30: 호표 6 | N30: 5D67A30E8487698D7FC1AD69C0A0A5 | Q30: 010102 | R30: T | S30: F | T30: F | AU30: 0101025D67A30E8487698D7FC1AD69C0A0A5 | AV30: 13
A31: 수평 규준틀 | B31: 귀 | C31: 개소 | D31: 10 | E31: =TRUNC(일위대가목록!E10,0) -> 11620 | F31: =TRUNC(E31*D31, 0) -> 116200 | G31: =TRUNC(일위대가목록!F10,0) -> 159780 | H31: =TRUNC(G31*D31, 0) -> 1597800 | I31: =TRUNC(일위대가목록!G10,0) -> 0 | J31: =TRUNC(I31*D31, 0) -> 0 | K31: =TRUNC(E31+G31+I31, 0) -> 171400 | L31: =TRUNC(F31+H31+J31, 0) -> 1714000 | M31: 호표 7 | N31: 5D67A30E8487698D7FC1AE7937C605 | Q31: 010102 | R31: T | S31: F | T31: F | AU31: 0101025D67A30E8487698D7FC1AE7937C605 | AV31: 14
A32: 강관 조립말비계(이동식)설치 및 해체 | B32: 높이 2m, 3개월 | C32: 대 | D32: 6 | E32: =TRUNC(일위대가목록!E11,0) -> 39919 | F32: =TRUNC(E32*D32, 0) -> 239514 | G32: =TRUNC(일위대가목록!F11,0) -> 93630 | H32: =TRUNC(G32*D32, 0) -> 561780 | I32: =TRUNC(일위대가목록!G11,0) -> 0 | J32: =TRUNC(I32*D32, 0) -> 0 | K32: =TRUNC(E32+G32+I32, 0) -> 133549 | L32: =TRUNC(F32+H32+J32, 0) -> 801294 | M32: 호표 8 | N32: 5D67A30E8487699E71B5651960B165 | Q32: 010102 | R32: T | S32: F | T32: F | AU32: 0101025D67A30E8487699E71B5651960B165 | AV32: 10
A33: 시스템동바리 설치 및 해체(설치간격 0.6m~1.2m 이하) | B33: 10m이하, 3개월 | C33: 10공M3 | D33: 15.479 | E33: =TRUNC(일위대가목록!E12,0) -> 24974 | F33: =TRUNC(E33*D33, 0) -> 386572 | G33: =TRUNC(일위대가목록!F12,0) -> 198509 | H33: =TRUNC(G33*D33, 0) -> 3072720 | I33: =TRUNC(일위대가목록!G12,0) -> 7139 | J33: =TRUNC(I33*D33, 0) -> 110504 | K33: =TRUNC(E33+G33+I33, 0) -> 230622 | L33: =TRUNC(F33+H33+J33, 0) -> 3569796 | M33: 호표 9 | N33: 5D67A30E84875F15736AC6294AAEC5 | Q33: 010102 | R33: T | S33: F | T33: F | AU33: 0101025D67A30E84875F15736AC6294AAEC5 | AV33: 16
A34: 강관동바리 설치 및 해체 | B34: 3.5m 초과 ~ 4.2m 이하, 3개월 | C34: M2 | D34: 76 | E34: =TRUNC(일위대가목록!E13,0) -> 2225 | F34: =TRUNC(E34*D34, 0) -> 169100 | G34: =TRUNC(일위대가목록!F13,0) -> 18067 | H34: =TRUNC(G34*D34, 0) -> 1373092 | I34: =TRUNC(일위대가목록!G13,0) -> 0 | J34: =TRUNC(I34*D34, 0) -> 0 | K34: =TRUNC(E34+G34+I34, 0) -> 20292 | L34: =TRUNC(F34+H34+J34, 0) -> 1542192 | M34: 호표 10 | N34: 5D67A30E84875F047C78E3C985FDA5 | Q34: 010102 | R34: T | S34: F | T34: F | AU34: 0101025D67A30E84875F047C78E3C985FDA5 | AV34: 15
A35: 시스템비계 설치 및 해체 | B35: 9개월,10m 이하,발판포함(외부용) | C35: M2 | D35: 1389 | E35: =TRUNC(일위대가목록!E14,0) -> 4681 | F35: =TRUNC(E35*D35, 0) -> 6501909 | G35: =TRUNC(일위대가목록!F14,0) -> 12875 | H35: =TRUNC(G35*D35, 0) -> 17883375 | I35: =TRUNC(일위대가목록!G14,0) -> 0 | J35: =TRUNC(I35*D35, 0) -> 0 | K35: =TRUNC(E35+G35+I35, 0) -> 17556 | L35: =TRUNC(F35+H35+J35, 0) -> 24385284 | M35: 호표 11 | N35: 5D67A30E8487699E737D6F99FDD6C5 | Q35: 010102 | R35: T | S35: F | T35: F | AU35: 0101025D67A30E8487699E737D6F99FDD6C5 | AV35: 11
A36: 시스템비계 설치 및 해체 | B36: 9개월,10m 초과~20m 이하,발판포함(외부용) | C36: M2 | D36: 344 | E36: =TRUNC(일위대가목록!E15,0) -> 4681 | F36: =TRUNC(E36*D36, 0) -> 1610264 | G36: =TRUNC(일위대가목록!F15,0) -> 15669 | H36: =TRUNC(G36*D36, 0) -> 5390136 | I36: =TRUNC(일위대가목록!G15,0) -> 0 | J36: =TRUNC(I36*D36, 0) -> 0 | K36: =TRUNC(E36+G36+I36, 0) -> 20350 | L36: =TRUNC(F36+H36+J36, 0) -> 7000400 | M36: 호표 12 | N36: 5D67A30E8487699E737D6F99FDE725 | Q36: 010102 | R36: T | S36: F | T36: F | AU36: 0101025D67A30E8487699E737D6F99FDE725 | AV36: 12
A37: 건축물 현장정리 | B37: 철근콘크리트조, 철골·철근콘크리트조 | C37: M2 | D37: 649 | E37: =TRUNC(일위대가목록!E16,0) -> 0 | F37: =TRUNC(E37*D37, 0) -> 0 | G37: =TRUNC(일위대가목록!F16,0) -> 22074 | H37: =TRUNC(G37*D37, 0) -> 14326026 | I37: =TRUNC(일위대가목록!G16,0) -> 0 | J37: =TRUNC(I37*D37, 0) -> 0 | K37: =TRUNC(E37+G37+I37, 0) -> 22074 | L37: =TRUNC(F37+H37+J37, 0) -> 14326026 | M37: 호표 13 | N37: 5D67A30B8F6E33F27A0DA909B21E95 | Q37: 010102 | R37: T | S37: F | T37: F | AU37: 0101025D67A30B8F6E33F27A0DA909B21E95 | AV37: 17
A38: 구조부 먹매김 | B38: 일반 | C38: M2 | D38: 649 | E38: =TRUNC(일위대가목록!E17,0) -> 0 | F38: =TRUNC(E38*D38, 0) -> 0 | G38: =TRUNC(일위대가목록!F17,0) -> 1389 | H38: =TRUNC(G38*D38, 0) -> 901461 | I38: =TRUNC(일위대가목록!G17,0) -> 0 | J38: =TRUNC(I38*D38, 0) -> 0 | K38: =TRUNC(E38+G38+I38, 0) -> 1389 | L38: =TRUNC(F38+H38+J38, 0) -> 901461 | M38: 호표 14 | N38: 5D67A30B8F5DF836746C46D9926C25 | Q38: 010102 | R38: T | S38: F | T38: F | AU38: 0101025D67A30B8F5DF836746C46D9926C25 | AV38: 18
A39: 거푸집 먹매김 | B39: 일반 | C39: M2 | D39: 649 | E39: =TRUNC(일위대가목록!E18,0) -> 0 | F39: =TRUNC(E39*D39, 0) -> 0 | G39: =TRUNC(일위대가목록!F18,0) -> 3334 | H39: =TRUNC(G39*D39, 0) -> 2163766 | I39: =TRUNC(일위대가목록!G18,0) -> 0 | J39: =TRUNC(I39*D39, 0) -> 0 | K39: =TRUNC(E39+G39+I39, 0) -> 3334 | L39: =TRUNC(F39+H39+J39, 0) -> 2163766 | M39: 호표 15 | N39: 5D67A30B8F5DF836746E74D95463D5 | Q39: 010102 | R39: T | S39: F | T39: F | AU39: 0101025D67A30B8F5DF836746E74D95463D5 | AV39: 19
A40: 건축물보양 | B40: 보양지 붙이기 | C40: M2 | D40: 25 | E40: =TRUNC(일위대가목록!E19,0) -> 1052 | F40: =TRUNC(E40*D40, 0) -> 26300 | G40: =TRUNC(일위대가목록!F19,0) -> 1698 | H40: =TRUNC(G40*D40, 0) -> 42450 | I40: =TRUNC(일위대가목록!G19,0) -> 0 | J40: =TRUNC(I40*D40, 0) -> 0 | K40: =TRUNC(E40+G40+I40, 0) -> 2750 | L40: =TRUNC(F40+H40+J40, 0) -> 68750 | M40: 호표 16 | N40: 5D67A30B8F5DF8097191C5D9FA5165 | Q40: 010102 | R40: T | S40: F | T40: F | AU40: 0101025D67A30B8F5DF8097191C5D9FA5165 | AV40: 20
A41: 건축물보양 - 콘크리트 | B41: 살수 | C41: M2 | D41: 1220 | E41: =TRUNC(일위대가목록!E20,0) -> 0 | F41: =TRUNC(E41*D41, 0) -> 0 | G41: =TRUNC(일위대가목록!F20,0) -> 679 | H41: =TRUNC(G41*D41, 0) -> 828380 | I41: =TRUNC(일위대가목록!G20,0) -> 0 | J41: =TRUNC(I41*D41, 0) -> 0 | K41: =TRUNC(E41+G41+I41, 0) -> 679 | L41: =TRUNC(F41+H41+J41, 0) -> 828380 | M41: 호표 17 | N41: 5D67A30B8F5DF809708BF979B27C75 | Q41: 010102 | R41: T | S41: F | T41: F | AU41: 0101025D67A30B8F5DF809708BF979B27C75 | AV41: 21
A42: 준공청소 | C42: M2 | D42: 649 | E42: =TRUNC(일위대가목록!E21,0) -> 0 | F42: =TRUNC(E42*D42, 0) -> 0 | G42: =TRUNC(일위대가목록!F21,0) -> 3396 | H42: =TRUNC(G42*D42, 0) -> 2204004 | I42: =TRUNC(일위대가목록!G21,0) -> 0 | J42: =TRUNC(I42*D42, 0) -> 0 | K42: =TRUNC(E42+G42+I42, 0) -> 3396 | L42: =TRUNC(F42+H42+J42, 0) -> 2204004 | M42: 호표 18 | N42: 5D67A30B8F310A977BC965B9B7B765 | Q42: 010102 | R42: T | S42: F | T42: F | AU42: 0101025D67A30B8F310A977BC965B9B7B765 | AV42: 22
Q43: 010102
Q44: 010102
Q45: 010102
Q46: 010102
Q47: 010102
Q48: 010102
Q49: 010102
Q50: 010102
Q51: 010102
Q52: 010102
Q53: 010102
A54: [ 합 계 ] | F54: =SUMIF(Q30:Q53,"010102",F30:F53) -> 9123799 | H54: =SUMIF(Q30:Q53,"010102",H30:H53) -> 51271240 | J54: =SUMIF(Q30:Q53,"010102",J30:J53) -> 110504 | L54: =SUMIF(Q30:Q53,"010102",L30:L53) -> 60505543 | N54: TOTAL
A55: 010103 토 및 지정공사 | Q55: 010103
A56: 터파기/토사 | B56: 보통, 굴착기 0.7m3 90%, 인력10% | C56: M3 | D56: 320 | E56: =TRUNC(중기단가목록!E4,0) -> 298 | F56: =TRUNC(E56*D56, 0) -> 95360 | G56: =TRUNC(중기단가목록!F4,0) -> 7024 | H56: =TRUNC(G56*D56, 0) -> 2247680 | I56: =TRUNC(중기단가목록!G4,0) -> 366 | J56: =TRUNC(I56*D56, 0) -> 117120 | K56: =TRUNC(E56+G56+I56, 0) -> 7688 | L56: =TRUNC(F56+H56+J56, 0) -> 2460160 | M56: 산근 1 | N56: 5D42A3EB8EC151C974759DF9BEDEB5 | Q56: 010103 | R56: F | S56: T | T56: F | AU56: 0101035D42A3EB8EC151C974759DF9BEDEB5 | AV56: 26
A57: 토사 운반/단지외 30km | B57: 보통, 덤프 24ton+굴삭기 0.7m3(고르기 별도) | C57: M3 | D57: 270 | E57: =TRUNC(중기단가목록!E5,0) -> 6884 | F57: =TRUNC(E57*D57, 0) -> 1858680 | G57: =TRUNC(중기단가목록!F5,0) -> 8971 | H57: =TRUNC(G57*D57, 0) -> 2422170 | I57: =TRUNC(중기단가목록!G5,0) -> 5159 | J57: =TRUNC(I57*D57, 0) -> 1392930 | K57: =TRUNC(E57+G57+I57, 0) -> 21014 | L57: =TRUNC(F57+H57+J57, 0) -> 5673780 | M57: 산근 2 | N57: 5D42A3E881AA56D776DB859943E995 | Q57: 010103 | R57: F | S57: T | T57: F | AU57: 0101035D42A3E881AA56D776DB859943E995 | AV57: 27
A58: 되메우기 및 다짐 | B58: 대형장비 | C58: M3 | D58: 50 | E58: =TRUNC(일위대가목록!E22,0) -> 1511 | F58: =TRUNC(E58*D58, 0) -> 75550 | G58: =TRUNC(일위대가목록!F22,0) -> 7129 | H58: =TRUNC(G58*D58, 0) -> 356450 | I58: =TRUNC(일위대가목록!G22,0) -> 1539 | J58: =TRUNC(I58*D58, 0) -> 76950 | K58: =TRUNC(E58+G58+I58, 0) -> 10179 | L58: =TRUNC(F58+H58+J58, 0) -> 508950 | M58: 호표 19 | N58: 5D42A3E686A1DB757FC39889792385 | Q58: 010103 | R58: T | S58: F | T58: F | AU58: 0101035D42A3E686A1DB757FC39889792385 | AV58: 504
A59: 압출발포폴리스티렌 접착제 붙이기 | B59: 100mm, (특호) | C59: M2 | D59: 14 | E59: =TRUNC(일위대가목록!E23,0) -> 16430 | F59: =TRUNC(E59*D59, 0) -> 230020 | G59: =TRUNC(일위대가목록!F23,0) -> 16183 | H59: =TRUNC(G59*D59, 0) -> 226562 | I59: =TRUNC(일위대가목록!G23,0) -> 0 | J59: =TRUNC(I59*D59, 0) -> 0 | K59: =TRUNC(E59+G59+I59, 0) -> 32613 | L59: =TRUNC(F59+H59+J59, 0) -> 456582 | M59: 호표 20 | N59: 5D67932C8F27974F785CD3A97CE615 | Q59: 010103 | R59: T | S59: F | T59: F | AU59: 0101035D67932C8F27974F785CD3A97CE615 | AV59: 24
A60: 방습필름설치 | B60: 바닥, 0.03mm*2겹 | C60: M2 | D60: 277 | E60: =TRUNC(일위대가목록!E24,0) -> 422 | F60: =TRUNC(E60*D60, 0) -> 116894 | G60: =TRUNC(일위대가목록!F24,0) -> 1431 | H60: =TRUNC(G60*D60, 0) -> 396387 | I60: =TRUNC(일위대가목록!G24,0) -> 0 | J60: =TRUNC(I60*D60, 0) -> 0 | K60: =TRUNC(E60+G60+I60, 0) -> 1853 | L60: =TRUNC(F60+H60+J60, 0) -> 513281 | M60: 호표 21 | N60: 5D67932C8F27974F785CD0D91A0875 | Q60: 010103 | R60: T | S60: F | T60: F | AU60: 0101035D67932C8F27974F785CD0D91A0875 | AV60: 25
A61: 기초 지정[잡석,자갈별도] | B61: 잡석지정 | C61: M3 | D61: 42 | E61: =TRUNC(일위대가목록!E25,0) -> 1048 | F61: =TRUNC(E61*D61, 0) -> 44016 | G61: =TRUNC(일위대가목록!F25,0) -> 9384 | H61: =TRUNC(G61*D61, 0) -> 394128 | I61: =TRUNC(일위대가목록!G25,0) -> 1361 | J61: =TRUNC(I61*D61, 0) -> 57162 | K61: =TRUNC(E61+G61+I61, 0) -> 11793 | L61: =TRUNC(F61+H61+J61, 0) -> 495306 | M61: 호표 22 | N61: 5D42A3E7874C2EE77FD5DD8988E785 | Q61: 010103 | R61: T | S61: F | T61: F | AU61: 0101035D42A3E7874C2EE77FD5DD8988E785 | AV61: 29
A62: ** 지반개량공사 ** | E62: =TRUNC(단가대비표!O395,0) -> 0 | F62: =TRUNC(E62*D62, 0) -> 0 | G62: =TRUNC(단가대비표!P395,0) -> 0 | H62: =TRUNC(G62*D62, 0) -> 0 | I62: =TRUNC(단가대비표!V395,0) -> 0 | J62: =TRUNC(I62*D62, 0) -> 0 | K62: =TRUNC(E62+G62+I62, 0) -> 0 | L62: =TRUNC(F62+H62+J62, 0) -> 0 | N62: 5CD5E30C8716422275E57069206C182153954D | Q62: 010103 | R62: F | S62: F | T62: T | AU62: 0101035CD5E30C8716422275E57069206C182153954D | AV62: 411
A63: 심층 자재 | B63: 고화재, 230kg/m3 | C63: TON | D63: 157 | E63: =TRUNC(단가대비표!O396,0) -> 190000 | F63: =TRUNC(E63*D63, 0) -> 29830000 | G63: =TRUNC(단가대비표!P396,0) -> 0 | H63: =TRUNC(G63*D63, 0) -> 0 | I63: =TRUNC(단가대비표!V396,0) -> 0 | J63: =TRUNC(I63*D63, 0) -> 0 | K63: =TRUNC(E63+G63+I63, 0) -> 190000 | L63: =TRUNC(F63+H63+J63, 0) -> 29830000 | M63: 견적서참조 | N63: 5CD5E30C8716422275E57069206C182153954E | Q63: 010103 | R63: F | S63: F | T63: T | AU63: 0101035CD5E30C8716422275E57069206C182153954E | AV63: 412
A64: 천층 자재 | B64: 고화재, 150kg/m3 | C64: TON | D64: 17 | E64: =TRUNC(단가대비표!O397,0) -> 195000 | F64: =TRUNC(E64*D64, 0) -> 3315000 | G64: =TRUNC(단가대비표!P397,0) -> 0 | H64: =TRUNC(G64*D64, 0) -> 0 | I64: =TRUNC(단가대비표!V397,0) -> 0 | J64: =TRUNC(I64*D64, 0) -> 0 | K64: =TRUNC(E64+G64+I64, 0) -> 195000 | L64: =TRUNC(F64+H64+J64, 0) -> 3315000 | M64: 견적서참조 | N64: 5CD5E30C8716422275E57069206C182153954F | Q64: 010103 | R64: F | S64: F | T64: T | AU64: 0101035CD5E30C8716422275E57069206C182153954F | AV64: 413
A65: 심층 - 지반개량 | B65: D1000 | C65: M | D65: 864 | E65: =TRUNC(단가대비표!O398,0) -> 19107 | F65: =TRUNC(E65*D65, 0) -> 16508448 | G65: =TRUNC(단가대비표!P398,0) -> 24136 | H65: =TRUNC(G65*D65, 0) -> 20853504 | I65: =TRUNC(단가대비표!V398,0) -> 11455 | J65: =TRUNC(I65*D65, 0) -> 9897120 | K65: =TRUNC(E65+G65+I65, 0) -> 54698 | L65: =TRUNC(F65+H65+J65, 0) -> 47259072 | M65: 견적서참조 | N65: 5CD5E30C8716422275E57069206C1821539541 | Q65: 010103 | R65: F | S65: F | T65: T | AU65: 0101035CD5E30C8716422275E57069206C1821539541 | AV65: 415
A66: 천층 - 포설 및 다짐 | C66: M3 | D66: 113 | E66: =TRUNC(단가대비표!O399,0) -> 7291 | F66: =TRUNC(E66*D66, 0) -> 823883 | G66: =TRUNC(단가대비표!P399,0) -> 16095 | H66: =TRUNC(G66*D66, 0) -> 1818735 | I66: =TRUNC(단가대비표!V399,0) -> 4115 | J66: =TRUNC(I66*D66, 0) -> 464995 | K66: =TRUNC(E66+G66+I66, 0) -> 27501 | L66: =TRUNC(F66+H66+J66, 0) -> 3107613 | M66: 견적서참조 | N66: 5CD5E30C8716422275E57069206C1821539ACA | Q66: 010103 | R66: F | S66: F | T66: T | AU66: 0101035CD5E30C8716422275E57069206C1821539ACA | AV66: 416
A67: 장비조립 및 해체 | C67: 회 | D67: 1 | E67: =TRUNC(단가대비표!O400,0) -> 57141 | F67: =TRUNC(E67*D67, 0) -> 57141 | G67: =TRUNC(단가대비표!P400,0) -> 966058 | H67: =TRUNC(G67*D67, 0) -> 966058 | I67: =TRUNC(단가대비표!V400,0) -> 210750 | J67: =TRUNC(I67*D67, 0) -> 210750 | K67: =TRUNC(E67+G67+I67, 0) -> 1233949 | L67: =TRUNC(F67+H67+J67, 0) -> 1233949 | M67: 견적서참조 | N67: 5CD5E30C8716422275E57069206C1821539AC8 | Q67: 010103 | R67: F | S67: F | T67: T | AU67: 0101035CD5E30C8716422275E57069206C1821539AC8 | AV67: 418
A68: 장비운반 | C68: 회 | D68: 1 | E68: =TRUNC(단가대비표!O401,0) -> 3864547 | F68: =TRUNC(E68*D68, 0) -> 3864547 | G68: =TRUNC(단가대비표!P401,0) -> 5687416 | H68: =TRUNC(G68*D68, 0) -> 5687416 | I68: =TRUNC(단가대비표!V401,0) -> 1687383 | J68: =TRUNC(I68*D68, 0) -> 1687383 | K68: =TRUNC(E68+G68+I68, 0) -> 11239346 | L68: =TRUNC(F68+H68+J68, 0) -> 11239346 | M68: 견적서참조 | N68: 5CD5E30C8716422275E57069206C1821539AC9 | Q68: 010103 | R68: F | S68: F | T68: T | AU68: 0101035CD5E30C8716422275E57069206C1821539AC9 | AV68: 419
A69: 용수 | C69: 회 | D69: 1 | E69: =TRUNC(단가대비표!O402,0) -> 0 | F69: =TRUNC(E69*D69, 0) -> 0 | G69: =TRUNC(단가대비표!P402,0) -> 0 | H69: =TRUNC(G69*D69, 0) -> 0 | I69: =TRUNC(단가대비표!V402,0) -> 10000000 | J69: =TRUNC(I69*D69, 0) -> 10000000 | K69: =TRUNC(E69+G69+I69, 0) -> 10000000 | L69: =TRUNC(F69+H69+J69, 0) -> 10000000 | M69: 견적서참조 | N69: 5CD5E30C8716422275E57069206C1821539ACE | Q69: 010103 | R69: F | S69: F | T69: T | AU69: 0101035CD5E30C8716422275E57069206C1821539ACE | AV69: 420
A70: 일축압축강도시험 | C70: 회 | D70: 1 | E70: =TRUNC(단가대비표!O403,0) -> 0 | F70: =TRUNC(E70*D70, 0) -> 0 | G70: =TRUNC(단가대비표!P403,0) -> 0 | H70: =TRUNC(G70*D70, 0) -> 0 | I70: =TRUNC(단가대비표!V403,0) -> 1000000 | J70: =TRUNC(I70*D70, 0) -> 1000000 | K70: =TRUNC(E70+G70+I70, 0) -> 1000000 | L70: =TRUNC(F70+H70+J70, 0) -> 1000000 | M70: 견적서참조 | N70: 5CD5E30C8716422275E57069206C1821539ACC | Q70: 010103 | R70: F | S70: F | T70: T | AU70: 0101035CD5E30C8716422275E57069206C1821539ACC | AV70: 422
A71: 평판재하시험 | C71: 회 | D71: 1 | E71: =TRUNC(단가대비표!O404,0) -> 0 | F71: =TRUNC(E71*D71, 0) -> 0 | G71: =TRUNC(단가대비표!P404,0) -> 0 | H71: =TRUNC(G71*D71, 0) -> 0 | I71: =TRUNC(단가대비표!V404,0) -> 1000000 | J71: =TRUNC(I71*D71, 0) -> 1000000 | K71: =TRUNC(E71+G71+I71, 0) -> 1000000 | L71: =TRUNC(F71+H71+J71, 0) -> 1000000 | M71: 견적서참조 | N71: 5CD5E30C8716422275E57069206C1821539ACD | Q71: 010103 | R71: F | S71: F | T71: T | AU71: 0101035CD5E30C8716422275E57069206C1821539ACD | AV71: 423
Q72: 010103
Q73: 010103
Q74: 010103
Q75: 010103
Q76: 010103
Q77: 010103
Q78: 010103
Q79: 010103
A80: [ 합 계 ] | F80: =SUMIF(Q56:Q79,"010103",F56:F79) -> 56819539 | H80: =SUMIF(Q56:Q79,"010103",H56:H79) -> 35369090 | J80: =SUMIF(Q56:Q79,"010103",J56:J79) -> 25904410 | L80: =SUMIF(Q56:Q79,"010103",L56:L79) -> 118093039 | N80: TOTAL
A81: 010104 철근콘크리트공사 | Q81: 010104
A82: 레미콘[관급자재] | B82: 25-27-150 | C82: M3 | D82: 542 | E82: =TRUNC(단가대비표!O134,0) -> 0 | F82: =TRUNC(E82*D82, 0) -> 0 | G82: =TRUNC(단가대비표!P134,0) -> 0 | H82: =TRUNC(G82*D82, 0) -> 0 | I82: =TRUNC(단가대비표!V134,0) -> 0 | J82: =TRUNC(I82*D82, 0) -> 0 | K82: =TRUNC(E82+G82+I82, 0) -> 0 | L82: =TRUNC(F82+H82+J82, 0) -> 0 | N82: 5A41A3FB864B59A674B6884974F317CA5886F2 | Q82: 010104 | R82: F | S82: F | T82: T | AU82: 0101045A41A3FB864B59A674B6884974F317CA5886F2 | AV82: 448
A83: 레미콘[관급자재] | B83: 25-18-120 | C83: M3 | D83: 38 | E83: =TRUNC(단가대비표!O136,0) -> 0 | F83: =TRUNC(E83*D83, 0) -> 0 | G83: =TRUNC(단가대비표!P136,0) -> 0 | H83: =TRUNC(G83*D83, 0) -> 0 | I83: =TRUNC(단가대비표!V136,0) -> 0 | J83: =TRUNC(I83*D83, 0) -> 0 | K83: =TRUNC(E83+G83+I83, 0) -> 0 | L83: =TRUNC(F83+H83+J83, 0) -> 0 | N83: 5A41A3FB864B59A674B6884974F317CA5886F6 | Q83: 010104 | R83: F | S83: F | T83: T | AU83: 0101045A41A3FB864B59A674B6884974F317CA5886F6 | AV83: 449
A84: 레미콘[관급자재] | B84: 25-18-80 | C84: M3 | D84: 17 | E84: =TRUNC(단가대비표!O137,0) -> 0 | F84: =TRUNC(E84*D84, 0) -> 0 | G84: =TRUNC(단가대비표!P137,0) -> 0 | H84: =TRUNC(G84*D84, 0) -> 0 | I84: =TRUNC(단가대비표!V137,0) -> 0 | J84: =TRUNC(I84*D84, 0) -> 0 | K84: =TRUNC(E84+G84+I84, 0) -> 0 | L84: =TRUNC(F84+H84+J84, 0) -> 0 | N84: 5A41A3FB864B59A674B6884974F317CA5886F4 | Q84: 010104 | R84: F | S84: F | T84: T | AU84: 0101045A41A3FB864B59A674B6884974F317CA5886F4 | AV84: 450
A85: 콘크리트 펌프차 타설 | B85: slump 15cm, 매트기초 등, f2 : Type-Ⅱ, 36m | C85: M3 | D85: 226 | E85: =TRUNC(일위대가목록!E26,0) -> 1450 | F85: =TRUNC(E85*D85, 0) -> 327700 | G85: =TRUNC(일위대가목록!F26,0) -> 11741 | H85: =TRUNC(G85*D85, 0) -> 2653466 | I85: =TRUNC(일위대가목록!G26,0) -> 4343 | J85: =TRUNC(I85*D85, 0) -> 981518 | K85: =TRUNC(E85+G85+I85, 0) -> 17534 | L85: =TRUNC(F85+H85+J85, 0) -> 3962684 | M85: 호표 23 | N85: 5D67F3978F67C568786415995E1E65 | Q85: 010104 | R85: T | S85: F | T85: F | AU85: 0101045D67F3978F67C568786415995E1E65 | AV85: 50
A86: 콘크리트 펌프차 타설 | B86: slump 15cm, 벽,기둥,슬래브 등, f2 : Type-Ⅱ, 36m | C86: M3 | D86: 311 | E86: =TRUNC(일위대가목록!E27,0) -> 2027 | F86: =TRUNC(E86*D86, 0) -> 630397 | G86: =TRUNC(일위대가목록!F27,0) -> 16432 | H86: =TRUNC(G86*D86, 0) -> 5110352 | I86: =TRUNC(일위대가목록!G27,0) -> 6071 | J86: =TRUNC(I86*D86, 0) -> 1888081 | K86: =TRUNC(E86+G86+I86, 0) -> 24530 | L86: =TRUNC(F86+H86+J86, 0) -> 7628830 | M86: 호표 24 | N86: 5D67F3978F67F2A6793103C9279AB5 | Q86: 010104 | R86: T | S86: F | T86: F | AU86: 0101045D67F3978F67F2A6793103C9279AB5 | AV86: 51
A87: 콘크리트 펌프차 타설(무근, 진동기無) | B87: slump 8~12cm, 매트기초 등, f2 : Type-Ⅱ, 36m | C87: M3 | D87: 54 | E87: =TRUNC(일위대가목록!E28,0) -> 1450 | F87: =TRUNC(E87*D87, 0) -> 78300 | G87: =TRUNC(일위대가목록!F28,0) -> 7593 | H87: =TRUNC(G87*D87, 0) -> 410022 | I87: =TRUNC(일위대가목록!G28,0) -> 4135 | J87: =TRUNC(I87*D87, 0) -> 223290 | K87: =TRUNC(E87+G87+I87, 0) -> 13178 | L87: =TRUNC(F87+H87+J87, 0) -> 711612 | M87: 호표 25 | N87: 5D67F3978F5539C977A5EBE9BA3095 | Q87: 010104 | R87: T | S87: F | T87: F | AU87: 0101045D67F3978F5539C977A5EBE9BA3095 | AV87: 49
A88: 철근콘크리트용봉강[관급자재] | B88: 철근콘크리트용봉강, 이형봉강(SD400), HD-10, 하치장상차도 | C88: TON | D88: 11.171 | E88: =TRUNC(단가대비표!O69,0) -> 0 | F88: =TRUNC(E88*D88, 0) -> 0 | G88: =TRUNC(단가대비표!P69,0) -> 0 | H88: =TRUNC(G88*D88, 0) -> 0 | I88: =TRUNC(단가대비표!V69,0) -> 0 | J88: =TRUNC(I88*D88, 0) -> 0 | K88: =TRUNC(E88+G88+I88, 0) -> 0 | L88: =TRUNC(F88+H88+J88, 0) -> 0 | N88: 5A41A3FB8655B6477B47D2692191854457F445 | Q88: 010104 | R88: F | S88: F | T88: T | AU88: 0101045A41A3FB8655B6477B47D2692191854457F445 | AV88: 380
A89: 철근콘크리트용봉강[관급자재] | B89: 철근콘크리트용봉강, 이형봉강(SD400), HD-13, 하치장상차도 | C89: TON | D89: 17.415 | E89: =TRUNC(단가대비표!O70,0) -> 0 | F89: =TRUNC(E89*D89, 0) -> 0 | G89: =TRUNC(단가대비표!P70,0) -> 0 | H89: =TRUNC(G89*D89, 0) -> 0 | I89: =TRUNC(단가대비표!V70,0) -> 0 | J89: =TRUNC(I89*D89, 0) -> 0 | K89: =TRUNC(E89+G89+I89, 0) -> 0 | L89: =TRUNC(F89+H89+J89, 0) -> 0 | N89: 5A41A3FB8655B6477B47D2692191854457F446 | Q89: 010104 | R89: F | S89: F | T89: T | AU89: 0101045A41A3FB8655B6477B47D2692191854457F446 | AV89: 381
A90: 철근콘크리트용봉강[관급자재] | B90: 철근콘크리트용봉강, 이형봉강(SD400), HD-16, 하치장상차도 | C90: TON | D90: 6.039 | E90: =TRUNC(단가대비표!O71,0) -> 0 | F90: =TRUNC(E90*D90, 0) -> 0 | G90: =TRUNC(단가대비표!P71,0) -> 0 | H90: =TRUNC(G90*D90, 0) -> 0 | I90: =TRUNC(단가대비표!V71,0) -> 0 | J90: =TRUNC(I90*D90, 0) -> 0 | K90: =TRUNC(E90+G90+I90, 0) -> 0 | L90: =TRUNC(F90+H90+J90, 0) -> 0 | N90: 5A41A3FB8655B6477B47D2692191854457F447 | Q90: 010104 | R90: F | S90: F | T90: T | AU90: 0101045A41A3FB8655B6477B47D2692191854457F447 | AV90: 382
A91: 철근콘크리트용봉강[관급자재] | B91: 철근콘크리트용봉강, 이형봉강(SD400), HD-19, 하치장상차도 | C91: TON | D91: 4.405 | E91: =TRUNC(단가대비표!O72,0) -> 0 | F91: =TRUNC(E91*D91, 0) -> 0 | G91: =TRUNC(단가대비표!P72,0) -> 0 | H91: =TRUNC(G91*D91, 0) -> 0 | I91: =TRUNC(단가대비표!V72,0) -> 0 | J91: =TRUNC(I91*D91, 0) -> 0 | K91: =TRUNC(E91+G91+I91, 0) -> 0 | L91: =TRUNC(F91+H91+J91, 0) -> 0 | N91: 5A41A3FB8655B6477B47D2692191854457F440 | Q91: 010104 | R91: F | S91: F | T91: T | AU91: 0101045A41A3FB8655B6477B47D2692191854457F440 | AV91: 383
A92: 철근콘크리트용봉강[관급자재] | B92: 철근콘크리트용봉강, 이형봉강(SD400), HD-22, 하치장상차도 | C92: TON | D92: 19.206 | E92: =TRUNC(단가대비표!O73,0) -> 0 | F92: =TRUNC(E92*D92, 0) -> 0 | G92: =TRUNC(단가대비표!P73,0) -> 0 | H92: =TRUNC(G92*D92, 0) -> 0 | I92: =TRUNC(단가대비표!V73,0) -> 0 | J92: =TRUNC(I92*D92, 0) -> 0 | K92: =TRUNC(E92+G92+I92, 0) -> 0 | L92: =TRUNC(F92+H92+J92, 0) -> 0 | N92: 5A41A3FB8655B6477B47D2692191854457F441 | Q92: 010104 | R92: F | S92: F | T92: T | AU92: 0101045A41A3FB8655B6477B47D2692191854457F441 | AV92: 384
A93: 철근 공장가공 및 현장조립 | B93: Type-Ⅰ | C93: TON | D93: 56.541 | E93: =TRUNC(일위대가목록!E29,0) -> 10770 | F93: =TRUNC(E93*D93, 0) -> 608946 | G93: =TRUNC(일위대가목록!F29,0) -> 630845 | H93: =TRUNC(G93*D93, 0) -> 35668607 | I93: =TRUNC(일위대가목록!G29,0) -> 50802 | J93: =TRUNC(I93*D93, 0) -> 2872395 | K93: =TRUNC(E93+G93+I93, 0) -> 692417 | L93: =TRUNC(F93+H93+J93, 0) -> 39149948 | M93: 호표 26 | N93: 5D67F3938193C8B172A6AA39597BF5 | Q93: 010104 | R93: T | S93: F | T93: F | AU93: 0101045D67F3938193C8B172A6AA39597BF5 | AV93: 642
A94: 철근 하차비 | B94: 지게차 | C94: TON | D94: 56.541 | E94: =TRUNC(중기단가목록!E6,0) -> 0 | F94: =TRUNC(E94*D94, 0) -> 0 | G94: =TRUNC(중기단가목록!F6,0) -> 0 | H94: =TRUNC(G94*D94, 0) -> 0 | I94: =TRUNC(중기단가목록!G6,0) -> 6730 | J94: =TRUNC(I94*D94, 0) -> 380520 | K94: =TRUNC(E94+G94+I94, 0) -> 6730 | L94: =TRUNC(F94+H94+J94, 0) -> 380520 | M94: 산근 3 | N94: 5D66F3248C0C9BC97BFD4FB939B045 | Q94: 010104 | R94: F | S94: T | T94: F | AU94: 0101045D66F3248C0C9BC97BFD4FB939B045 | AV94: 643
A95: 철근제작도 | C95: TON | D95: 56.541 | E95: =TRUNC(일위대가목록!E30,0) -> 0 | F95: =TRUNC(E95*D95, 0) -> 0 | G95: =TRUNC(일위대가목록!F30,0) -> 0 | H95: =TRUNC(G95*D95, 0) -> 0 | I95: =TRUNC(일위대가목록!G30,0) -> 23209 | J95: =TRUNC(I95*D95, 0) -> 1312260 | K95: =TRUNC(E95+G95+I95, 0) -> 23209 | L95: =TRUNC(F95+H95+J95, 0) -> 1312260 | M95: 호표 27 | N95: 5CD2F3EF817D514271308BF9CB95A5 | Q95: 010104 | R95: T | S95: F | T95: F | AU95: 0101045CD2F3EF817D514271308BF9CB95A5 | AV95: 644
A96: 곡면거푸집 설치 및 해체 | B96: 3회 사용시, 0~7m까지 | C96: M2 | D96: 128 | E96: =TRUNC(일위대가목록!E31,0) -> 14991 | F96: =TRUNC(E96*D96, 0) -> 1918848 | G96: =TRUNC(일위대가목록!F31,0) -> 56939 | H96: =TRUNC(G96*D96, 0) -> 7288192 | I96: =TRUNC(일위대가목록!G31,0) -> 569 | J96: =TRUNC(I96*D96, 0) -> 72832 | K96: =TRUNC(E96+G96+I96, 0) -> 72499 | L96: =TRUNC(F96+H96+J96, 0) -> 9279872 | M96: 호표 28 | N96: 5D67F390844B559574B9CD297C1475 | Q96: 010104 | R96: T | S96: F | T96: F | AU96: 0101045D67F390844B559574B9CD297C1475 | AV96: 41
A97: 합판거푸집 설치 및 해체 | B97: 보통 4회, 수직고 7m까지 | C97: M2 | D97: 89 | E97: =TRUNC(일위대가목록!E32,0) -> 12978 | F97: =TRUNC(E97*D97, 0) -> 1155042 | G97: =TRUNC(일위대가목록!F32,0) -> 37755 | H97: =TRUNC(G97*D97, 0) -> 3360195 | I97: =TRUNC(일위대가목록!G32,0) -> 377 | J97: =TRUNC(I97*D97, 0) -> 33553 | K97: =TRUNC(E97+G97+I97, 0) -> 51110 | L97: =TRUNC(F97+H97+J97, 0) -> 4548790 | M97: 호표 29 | N97: 5D67F3908470B4737EB47C09E4A025 | Q97: 010104 | R97: T | S97: F | T97: F | AU97: 0101045D67F3908470B4737EB47C09E4A025 | AV97: 43
A98: 합판거푸집 설치 및 해체 | B98: 보통 4회, 슬래브(경사도 20˚미만) | C98: M2 | D98: 34 | E98: =TRUNC(일위대가목록!E33,0) -> 12978 | F98: =TRUNC(E98*D98, 0) -> 441252 | G98: =TRUNC(일위대가목록!F33,0) -> 45728 | H98: =TRUNC(G98*D98, 0) -> 1554752 | I98: =TRUNC(일위대가목록!G33,0) -> 457 | J98: =TRUNC(I98*D98, 0) -> 15538 | K98: =TRUNC(E98+G98+I98, 0) -> 59163 | L98: =TRUNC(F98+H98+J98, 0) -> 2011542 | M98: 호표 30 | N98: 5D67F3908470ABF477FB6AA9332215 | Q98: 010104 | R98: T | S98: F | T98: F | AU98: 0101045D67F3908470ABF477FB6AA9332215 | AV98: 44
A99: 유로폼 설치 및 해체 | B99: 보통, 수직고 7m까지 | C99: M2 | D99: 1140 | E99: =TRUNC(일위대가목록!E34,0) -> 4157 | F99: =TRUNC(E99*D99, 0) -> 4738980 | G99: =TRUNC(일위대가목록!F34,0) -> 36027 | H99: =TRUNC(G99*D99, 0) -> 41070780 | I99: =TRUNC(일위대가목록!G34,0) -> 1080 | J99: =TRUNC(I99*D99, 0) -> 1231200 | K99: =TRUNC(E99+G99+I99, 0) -> 41264 | L99: =TRUNC(F99+H99+J99, 0) -> 47040960 | M99: 호표 31 | N99: 5D67F390841E3A9576A49A09D68E45 | Q99: 010104 | R99: T | S99: F | T99: F | AU99: 0101045D67F390841E3A9576A49A09D68E45 | AV99: 46
A100: 유로폼 설치 및 해체 | B100: 간단, 수직고 7m까지 | C100: M2 | D100: 246 | E100: =TRUNC(일위대가목록!E35,0) -> 3415 | F100: =TRUNC(E100*D100, 0) -> 840090 | G100: =TRUNC(일위대가목록!F35,0) -> 31528 | H100: =TRUNC(G100*D100, 0) -> 7755888 | I100: =TRUNC(일위대가목록!G35,0) -> 945 | J100: =TRUNC(I100*D100, 0) -> 232470 | K100: =TRUNC(E100+G100+I100, 0) -> 35888 | L100: =TRUNC(F100+H100+J100, 0) -> 8828448 | M100: 호표 32 | N100: 5D67F390841E3A9576A49A09D698B5 | Q100: 010104 | R100: T | S100: F | T100: F | AU100: 0101045D67F390841E3A9576A49A09D698B5 | AV100: 47
A101: 셀룰로오스 섬유보강재 | C101: M3 | D101: 31 | E101: =TRUNC(일위대가목록!E36,0) -> 3600 | F101: =TRUNC(E101*D101, 0) -> 111600 | G101: =TRUNC(일위대가목록!F36,0) -> 7990 | H101: =TRUNC(G101*D101, 0) -> 247690 | I101: =TRUNC(일위대가목록!G36,0) -> 0 | J101: =TRUNC(I101*D101, 0) -> 0 | K101: =TRUNC(E101+G101+I101, 0) -> 11590 | L101: =TRUNC(F101+H101+J101, 0) -> 359290 | M101: 호표 33 | N101: 5D67F3968ECB096C7D40693999F435 | Q101: 010104 | R101: T | S101: F | T101: F | AU101: 0101045D67F3968ECB096C7D40693999F435 | AV101: 52
A102: 경량기포콘크리트 타설 | C102: M3 | D102: 28 | E102: =TRUNC(일위대가목록!E37,0) -> 70292 | F102: =TRUNC(E102*D102, 0) -> 1968176 | G102: =TRUNC(일위대가목록!F37,0) -> 17271 | H102: =TRUNC(G102*D102, 0) -> 483588 | I102: =TRUNC(일위대가목록!G37,0) -> 3100 | J102: =TRUNC(I102*D102, 0) -> 86800 | K102: =TRUNC(E102+G102+I102, 0) -> 90663 | L102: =TRUNC(F102+H102+J102, 0) -> 2538564 | M102: 호표 34 | N102: 5D67C35B85A3BC88725BB71905BF25 | Q102: 010104 | R102: T | S102: F | T102: F | AU102: 0101045D67C35B85A3BC88725BB71905BF25 | AV102: 695
A103: 와이어메시 바닥깔기 | B103: #8-150*150 | C103: M2 | D103: 69 | E103: =TRUNC(일위대가목록!E38,0) -> 2510 | F103: =TRUNC(E103*D103, 0) -> 173190 | G103: =TRUNC(일위대가목록!F38,0) -> 1329 | H103: =TRUNC(G103*D103, 0) -> 91701 | I103: =TRUNC(일위대가목록!G38,0) -> 0 | J103: =TRUNC(I103*D103, 0) -> 0 | K103: =TRUNC(E103+G103+I103, 0) -> 3839 | L103: =TRUNC(F103+H103+J103, 0) -> 264891 | M103: 호표 35 | N103: 5D671376852190B471CF9BF96FD755 | Q103: 010104 | R103: T | S103: F | T103: F | AU103: 0101045D671376852190B471CF9BF96FD755 | AV103: 53
A104: 건축용스페이서 | B104: 건축용스페이서, 플라스틱, 75-D4-20, 슬래브용 | C104: 개 | D104: 246 | E104: =TRUNC(단가대비표!O254,0) -> 130 | F104: =TRUNC(E104*D104, 0) -> 31980 | G104: =TRUNC(단가대비표!P254,0) -> 0 | H104: =TRUNC(G104*D104, 0) -> 0 | I104: =TRUNC(단가대비표!V254,0) -> 0 | J104: =TRUNC(I104*D104, 0) -> 0 | K104: =TRUNC(E104+G104+I104, 0) -> 130 | L104: =TRUNC(F104+H104+J104, 0) -> 31980 | N104: 5A41A3FB86C838BC7A57DE29828A8747575D67 | Q104: 010104 | R104: F | S104: F | T104: T | AU104: 0101045A41A3FB86C838BC7A57DE29828A8747575D67 | AV104: 39
A105: 건축용스페이서 | B105: 건축용스페이서, 플라스틱, 70-D14-18, 기둥옹벽 | C105: 개 | D105: 128 | E105: =TRUNC(단가대비표!O255,0) -> 440 | F105: =TRUNC(E105*D105, 0) -> 56320 | G105: =TRUNC(단가대비표!P255,0) -> 0 | H105: =TRUNC(G105*D105, 0) -> 0 | I105: =TRUNC(단가대비표!V255,0) -> 0 | J105: =TRUNC(I105*D105, 0) -> 0 | K105: =TRUNC(E105+G105+I105, 0) -> 440 | L105: =TRUNC(F105+H105+J105, 0) -> 56320 | N105: 5A41A3FB86C838BC7A57DE29828A8747564D11 | Q105: 010104 | R105: F | S105: F | T105: T | AU105: 0101045A41A3FB86C838BC7A57DE29828A8747564D11 | AV105: 40
A106: [ 합 계 ] | F106: =SUMIF(Q82:Q105,"010104",F82:F105) -> 13080821 | H106: =SUMIF(Q82:Q105,"010104",H82:H105) -> 105695233 | J106: =SUMIF(Q82:Q105,"010104",J82:J105) -> 9330457 | L106: =SUMIF(Q82:Q105,"010104",L82:L105) -> 128106511 | N106: TOTAL
...

Sheet 일위대가목록
B1: 일 위 대 가 목 록
B2: [ 대화면도시재생사업청학당조성공사기본및실시설 ]
A3: 코 드 | B3: 품 명 | C3: 규 격 | D3: 단위 | E3: 재 료 비 | F3: 노 무 비 | G3: 경 비 | H3: 합 계 | I3: 번 호 | J3: 비 고 | K3: 노임계수 | L3: 할증 | M3: 품셈개요 | N3: 장비일위
A4: 5D67A30D8A60E669727759098E1435 | B4: 콘테이너형 가설사무소 설치 및 해체 | C4: 3.0*6.0m, 12개월 | D4: 개소 | E4: =일위대가!F8 -> 0 | F4: =일위대가!H8 -> 0 | G4: =일위대가!J8 -> 1483066 | H4: =E4+F4+G4 -> 1483066 | I4: 호표 1
A5: 5D67A30D8A60D5E97E3091D99881A5 | B5: 콘테이너형 가설창고 설치 및 해체 | C5: 3.0*6.0m, 12개월 | D5: 개소 | E5: =일위대가!F14 -> 0 | F5: =일위대가!H14 -> 0 | G5: =일위대가!J14 -> 1337498 | H5: =E5+F5+G5 -> 1337498 | I5: 호표 2
A6: 5D67A30D8A60D5E97E3091D99881F5 | B6: 콘테이너형 가설실험실 설치 및 해체 | C6: 3.0*6.0m, 12개월 | D6: 개소 | E6: =일위대가!F20 -> 0 | F6: =일위대가!H20 -> 0 | G6: =일위대가!J20 -> 1337498 | H6: =E6+F6+G6 -> 1337498 | I6: 호표 3
A7: 5D67A30E84A236D1756C80E96F8845 | B7: 가설방음벽설치/(RPP) | C7: H=3.0, 12개월 | D7: M | E7: =일위대가!F33 -> 0 | F7: =일위대가!H33 -> 0 | G7: =일위대가!J33 -> 124029 | H7: =E7+F7+G7 -> 124029 | I7: 호표 4
A8: 5D67A30E84A236D1756C80E91768D5 | B8: 가설방음문설치/(RPP) | C8: W=10.0*H=3.0, 12개월 | D8: EA | E8: =일위대가!F40 -> 0 | F8: =일위대가!H40 -> 0 | G8: =일위대가!J40 -> 1363865 | H8: =E8+F8+G8 -> 1363865 | I8: 호표 5
A9: 5D67A30E8487698D7FC1AD69C0A0A5 | B9: 수평 규준틀 | C9: 평 | D9: 개소 | E9: =일위대가!F46 -> 7394 | F9: =일위대가!H46 -> 92625 | G9: =일위대가!J46 -> 0 | H9: =E9+F9+G9 -> 100019 | I9: 호표 6
A10: 5D67A30E8487698D7FC1AE7937C605 | B10: 수평 규준틀 | C10: 귀 | D10: 개소 | E10: =일위대가!F52 -> 11620 | F10: =일위대가!H52 -> 159780 | G10: =일위대가!J52 -> 0 | H10: =E10+F10+G10 -> 171400 | I10: 호표 7
A11: 5D67A30E8487699E71B5651960B165 | B11: 강관 조립말비계(이동식)설치 및 해체 | C11: 높이 2m, 3개월 | D11: 대 | E11: =일위대가!F65 -> 39919 | F11: =일위대가!H65 -> 93630 | G11: =일위대가!J65 -> 0 | H11: =E11+F11+G11 -> 133549 | I11: 호표 8
A12: 5D67A30E84875F15736AC6294AAEC5 | B12: 시스템동바리 설치 및 해체(설치간격 0.6m~1.2m 이하) | C12: 10m이하, 3개월 | D12: 10공M3 | E12: =일위대가!F78 -> 24974 | F12: =일위대가!H78 -> 198509 | G12: =일위대가!J78 -> 7139 | H12: =E12+F12+G12 -> 230622 | I12: 호표 9
A13: 5D67A30E84875F047C78E3C985FDA5 | B13: 강관동바리 설치 및 해체 | C13: 3.5m 초과 ~ 4.2m 이하, 3개월 | D13: M2 | E13: =일위대가!F85 -> 2225 | F13: =일위대가!H85 -> 18067 | G13: =일위대가!J85 -> 0 | H13: =E13+F13+G13 -> 20292 | I13: 호표 10
A14: 5D67A30E8487699E737D6F99FDD6C5 | B14: 시스템비계 설치 및 해체 | C14: 9개월,10m 이하,발판포함(외부용) | D14: M2 | E14: =일위대가!F90 -> 4681 | F14: =일위대가!H90 -> 12875 | G14: =일위대가!J90 -> 0 | H14: =E14+F14+G14 -> 17556 | I14: 호표 11
A15: 5D67A30E8487699E737D6F99FDE725 | B15: 시스템비계 설치 및 해체 | C15: 9개월,10m 초과~20m 이하,발판포함(외부용) | D15: M2 | E15: =일위대가!F95 -> 4681 | F15: =일위대가!H95 -> 15669 | G15: =일위대가!J95 -> 0 | H15: =E15+F15+G15 -> 20350 | I15: 호표 12
A16: 5D67A30B8F6E33F27A0DA909B21E95 | B16: 건축물 현장정리 | C16: 철근콘크리트조, 철골·철근콘크리트조 | D16: M2 | E16: =일위대가!F99 -> 0 | F16: =일위대가!H99 -> 22074 | G16: =일위대가!J99 -> 0 | H16: =E16+F16+G16 -> 22074 | I16: 호표 13
A17: 5D67A30B8F5DF836746C46D9926C25 | B17: 구조부 먹매김 | C17: 일반 | D17: M2 | E17: =일위대가!F103 -> 0 | F17: =일위대가!H103 -> 1389 | G17: =일위대가!J103 -> 0 | H17: =E17+F17+G17 -> 1389 | I17: 호표 14
A18: 5D67A30B8F5DF836746E74D95463D5 | B18: 거푸집 먹매김 | C18: 일반 | D18: M2 | E18: =일위대가!F107 -> 0 | F18: =일위대가!H107 -> 3334 | G18: =일위대가!J107 -> 0 | H18: =E18+F18+G18 -> 3334 | I18: 호표 15
A19: 5D67A30B8F5DF8097191C5D9FA5165 | B19: 건축물보양 | C19: 보양지 붙이기 | D19: M2 | E19: =일위대가!F113 -> 1052 | F19: =일위대가!H113 -> 1698 | G19: =일위대가!J113 -> 0 | H19: =E19+F19+G19 -> 2750 | I19: 호표 16
A20: 5D67A30B8F5DF809708BF979B27C75 | B20: 건축물보양 - 콘크리트 | C20: 살수 | D20: M2 | E20: =일위대가!F117 -> 0 | F20: =일위대가!H117 -> 679 | G20: =일위대가!J117 -> 0 | H20: =E20+F20+G20 -> 679 | I20: 호표 17
A21: 5D67A30B8F310A977BC965B9B7B765 | B21: 준공청소 | D21: M2 | E21: =일위대가!F121 -> 0 | F21: =일위대가!H121 -> 3396 | G21: =일위대가!J121 -> 0 | H21: =E21+F21+G21 -> 3396 | I21: 호표 18
A22: 5D42A3E686A1DB757FC39889792385 | B22: 되메우기 및 다짐 | C22: 대형장비 | D22: M3 | E22: =일위대가!F131 -> 1511 | F22: =일위대가!H131 -> 7129 | G22: =일위대가!J131 -> 1539 | H22: =E22+F22+G22 -> 10179 | I22: 호표 19
A23: 5D67932C8F27974F785CD3A97CE615 | B23: 압출발포폴리스티렌 접착제 붙이기 | C23: 100mm, (특호) | D23: M2 | E23: =일위대가!F136 -> 16430 | F23: =일위대가!H136 -> 16183 | G23: =일위대가!J136 -> 0 | H23: =E23+F23+G23 -> 32613 | I23: 호표 20
A24: 5D67932C8F27974F785CD0D91A0875 | B24: 방습필름설치 | C24: 바닥, 0.03mm*2겹 | D24: M2 | E24: =일위대가!F141 -> 422 | F24: =일위대가!H141 -> 1431 | G24: =일위대가!J141 -> 0 | H24: =E24+F24+G24 -> 1853 | I24: 호표 21
A25: 5D42A3E7874C2EE77FD5DD8988E785 | B25: 기초 지정[잡석,자갈별도] | C25: 잡석지정 | D25: M3 | E25: =일위대가!F151 -> 1048 | F25: =일위대가!H151 -> 9384 | G25: =일위대가!J151 -> 1361 | H25: =E25+F25+G25 -> 11793 | I25: 호표 22
A26: 5D67F3978F67C568786415995E1E65 | B26: 콘크리트 펌프차 타설 | C26: slump 15cm, 매트기초 등, f2 : Type-Ⅱ, 36m | D26: M3 | E26: =일위대가!F159 -> 1450 | F26: =일위대가!H159 -> 11741 | G26: =일위대가!J159 -> 4343 | H26: =E26+F26+G26 -> 17534 | I26: 호표 23
A27: 5D67F3978F67F2A6793103C9279AB5 | B27: 콘크리트 펌프차 타설 | C27: slump 15cm, 벽,기둥,슬래브 등, f2 : Type-Ⅱ, 36m | D27: M3 | E27: =일위대가!F167 -> 2027 | F27: =일위대가!H167 -> 16432 | G27: =일위대가!J167 -> 6071 | H27: =E27+F27+G27 -> 24530 | I27: 호표 24
A28: 5D67F3978F5539C977A5EBE9BA3095 | B28: 콘크리트 펌프차 타설(무근, 진동기無) | C28: slump 8~12cm, 매트기초 등, f2 : Type-Ⅱ, 36m | D28: M3 | E28: =일위대가!F175 -> 1450 | F28: =일위대가!H175 -> 7593 | G28: =일위대가!J175 -> 4135 | H28: =E28+F28+G28 -> 13178 | I28: 호표 25
A29: 5D67F3938193C8B172A6AA39597BF5 | B29: 철근 공장가공 및 현장조립 | C29: Type-Ⅰ | D29: TON | E29: =일위대가!F180 -> 10770 | F29: =일위대가!H180 -> 630845 | G29: =일위대가!J180 -> 50802 | H29: =E29+F29+G29 -> 692417 | I29: 호표 26
A30: 5CD2F3EF817D514271308BF9CB95A5 | B30: 철근제작도 | D30: TON | E30: =일위대가!F185 -> 0 | F30: =일위대가!H185 -> 0 | G30: =일위대가!J185 -> 23209 | H30: =E30+F30+G30 -> 23209 | I30: 호표 27
A31: 5D67F390844B559574B9CD297C1475 | B31: 곡면거푸집 설치 및 해체 | C31: 3회 사용시, 0~7m까지 | D31: M2 | E31: =일위대가!F190 -> 14991 | F31: =일위대가!H190 -> 56939 | G31: =일위대가!J190 -> 569 | H31: =E31+F31+G31 -> 72499 | I31: 호표 28
A32: 5D67F3908470B4737EB47C09E4A025 | B32: 합판거푸집 설치 및 해체 | C32: 보통 4회, 수직고 7m까지 | D32: M2 | E32: =일위대가!F195 -> 12978 | F32: =일위대가!H195 -> 37755 | G32: =일위대가!J195 -> 377 | H32: =E32+F32+G32 -> 51110 | I32: 호표 29
A33: 5D67F3908470ABF477FB6AA9332215 | B33: 합판거푸집 설치 및 해체 | C33: 보통 4회, 슬래브(경사도 20˚미만) | D33: M2 | E33: =일위대가!F200 -> 12978 | F33: =일위대가!H200 -> 45728 | G33: =일위대가!J200 -> 457 | H33: =E33+F33+G33 -> 59163 | I33: 호표 30
A34: 5D67F390841E3A9576A49A09D68E45 | B34: 유로폼 설치 및 해체 | C34: 보통, 수직고 7m까지 | D34: M2 | E34: =일위대가!F207 -> 4157 | F34: =일위대가!H207 -> 36027 | G34: =일위대가!J207 -> 1080 | H34: =E34+F34+G34 -> 41264 | I34: 호표 31
A35: 5D67F390841E3A9576A49A09D698B5 | B35: 유로폼 설치 및 해체 | C35: 간단, 수직고 7m까지 | D35: M2 | E35: =일위대가!F214 -> 3415 | F35: =일위대가!H214 -> 31528 | G35: =일위대가!J214 -> 945 | H35: =E35+F35+G35 -> 35888 | I35: 호표 32
A36: 5D67F3968ECB096C7D40693999F435 | B36: 셀룰로오스 섬유보강재 | D36: M3 | E36: =일위대가!F219 -> 3600 | F36: =일위대가!H219 -> 7990 | G36: =일위대가!J219 -> 0 | H36: =E36+F36+G36 -> 11590 | I36: 호표 33
A37: 5D67C35B85A3BC88725BB71905BF25 | B37: 경량기포콘크리트 타설 | D37: M3 | E37: =일위대가!F224 -> 70292 | F37: =일위대가!H224 -> 17271 | G37: =일위대가!J224 -> 3100 | H37: =E37+F37+G37 -> 90663 | I37: 호표 34
A38: 5D671376852190B471CF9BF96FD755 | B38: 와이어메시 바닥깔기 | C38: #8-150*150 | D38: M2 | E38: =일위대가!F230 -> 2510 | F38: =일위대가!H230 -> 1329 | G38: =일위대가!J230 -> 0 | H38: =E38+F38+G38 -> 3839 | I38: 호표 35
A39: 5D67E3A8864A78CE792DB2294A8375 | B39: 앵커 볼트 설치 | C39: ∮24 이하 | D39: 개 | E39: =일위대가!F236 -> 0 | F39: =일위대가!H236 -> 41103 | G39: =일위대가!J236 -> 822 | H39: =E39+F39+G39 -> 41925 | I39: 호표 36
A40: 5D67E3A980A0BF3470262D994565B5 | B40: 철골 가공 조립(표준 라멘구조) | C40: Built up, 60ton 이상 | D40: TON | E40: =일위대가!F242 -> 33775 | F40: =일위대가!H242 -> 578052 | G40: =일위대가!J242 -> 346831 | H40: =E40+F40+G40 -> 958658 | I40: 호표 37
A41: 5D67E3AF8914961F7D86F2B9AF5D65 | B41: 철골세우기 - 표준단가 | C41: 6층 미만 | D41: TON | E41: =일위대가!F248 -> 0 | F41: =일위대가!H248 -> 137204 | G41: =일위대가!J248 -> 0 | H41: =E41+F41+G41 -> 137204 | I41: 호표 38
A42: 5D67E3AF89AA41CD774C5FF918F0B5 | B42: 고장력 볼트 본조임 - 표준단가 | C42: 90본/t 미만 | D42: TON | E42: =일위대가!F254 -> 0 | F42: =일위대가!H254 -> 205028 | G42: =일위대가!J254 -> 6150 | H42: =E42+F42+G42 -> 211178 | I42: 호표 39
A43: 5D67E3AD8E747E1B793F4589CE93E5 | B43: 녹막이페인트(뿜칠) | C43: 철재면 1회, 1종 | D43: M2 | E43: =일위대가!F263 -> 1253 | F43: =일위대가!H263 -> 2340 | G43: =일위대가!J263 -> 0 | H43: =E43+F43+G43 -> 3593 | I43: 호표 40
A44: 5D67E3AC8DEA85407BD5FED961F935 | B44: 데크플레이트 설치 | C44: 10층 이하(자재 별도) | D44: M2 | E44: =일위대가!F270 -> 0 | F44: =일위대가!H270 -> 12505 | G44: =일위대가!J270 -> 625 | H44: =E44+F44+G44 -> 13130 | I44: 호표 41
A45: 5D67E3AC8DEA851B77969789CD33D5 | B45: 데크앤드플레이트(콘크리트스톱퍼) | C45: H:150 | D45: M | E45: =일위대가!F277 -> 3468 | F45: =일위대가!H277 -> 16835 | G45: =일위대가!J277 -> 712 | H45: =E45+F45+G45 -> 21015 | I45: 호표 42
A46: 5D67E3A8864A6E577E768959E3F855 | B46: 스터드볼트 설치 / 데크플레이트, 자동용접 | C46: M16*124 | D46: 개소 | E46: =일위대가!F283 -> 600 | F46: =일위대가!H283 -> 622 | G46: =일위대가!J283 -> 136 | H46: =E46+F46+G46 -> 1358 | I46: 호표 43
A47: 5D67E3A8864A6E45787311A9584325 | B47: 스터드볼트 설치 / 데크플레이트, 자동용접 | C47: M19*125 | D47: 개소 | E47: =일위대가!F289 -> 803 | F47: =일위대가!H289 -> 622 | G47: =일위대가!J289 -> 136 | H47: =E47+F47+G47 -> 1561 | I47: 호표 44
A48: 5D67E3A8864A6E45787311A9584335 | B48: 스터드볼트 설치 / 데크플레이트, 자동용접 | C48: M19*155 | D48: 개소 | E48: =일위대가!F295 -> 958 | F48: =일위대가!H295 -> 622 | G48: =일위대가!J295 -> 136 | H48: =E48+F48+G48 -> 1716 | I48: 호표 45
A49: 5D67D3428908D75877F2BAF94CF565 | B49: 0.5B 벽돌쌓기 | C49: 3.6m 이하, 시공량 25m2/일당 | D49: M2 | E49: =일위대가!F303 -> 0 | F49: =일위대가!H303 -> 40916 | G49: =일위대가!J303 -> 775 | H49: =E49+F49+G49 -> 41691 | I49: 호표 46
A50: 5D67D342892B8BC57B7CFC49EA1E65 | B50: 벽돌운반 | C50: 인력, 1층 | D50: 천매 | E50: =일위대가!F307 -> 0 | F50: =일위대가!H307 -> 74713 | G50: =일위대가!J307 -> 0 | H50: =E50+F50+G50 -> 74713 | I50: 호표 47
A51: 5D67D342892B8BC57B7CFD5948C4B5 | B51: 벽돌운반 | C51: 인력, 2층 | D51: 천매 | E51: =일위대가!F311 -> 0 | F51: =일위대가!H311 -> 95090 | G51: =일위대가!J311 -> 0 | H51: =E51+F51+G51 -> 95090 | I51: 호표 48
A52: 5D6763F68B9642547B79C6E96C28D5 | B52: 화강석 소변기턱(습식, 물갈기) | C52: 포천석 100*30mm, 모르타르 30mm | D52: M | E52: =일위대가!F317 -> 6903 | F52: =일위대가!H317 -> 10967 | G52: =일위대가!J317 -> 106 | H52: =E52+F52+G52 -> 17976 | I52: 호표 49
A53: 5D6763F68B9642547B79C6E953B725 | B53: 화강석 대변기턱(습식, 물갈기) | C53: 포천석 100*30mm, 모르타르 30mm | D53: M | E53: =일위대가!F323 -> 6903 | F53: =일위대가!H323 -> 10967 | G53: =일위대가!J323 -> 106 | H53: =E53+F53+G53 -> 17976 | I53: 호표 50
A54: 5D6763F68B9642547B79C6E953B705 | B54: 화강석 대변기턱(습식, 물갈기) | C54: 포천석 150*30mm, 모르타르 30mm | D54: M | E54: =일위대가!F329 -> 11583 | F54: =일위대가!H329 -> 16551 | G54: =일위대가!J329 -> 159 | H54: =E54+F54+G54 -> 28293 | I54: 호표 51
A55: 5D6763F68B9642547B79C6E953B7E5 | B55: 화강석 대변기턱(습식, 물갈기) | C55: 포천석 170*30mm, 모르타르 30mm | D55: M | E55: =일위대가!F335 -> 12870 | F55: =일위대가!H335 -> 18643 | G55: =일위대가!J335 -> 180 | H55: =E55+F55+G55 -> 31693 | I55: 호표 52
A56: 5D6763F68B966ED77511CF79E20825 | B56: 화강석붙임(습식, 물갈기) | C56: 창대, 포천석 230*30mm, 모르타르 30mm | D56: M | E56: =일위대가!F341 -> 16731 | F56: =일위대가!H341 -> 25224 | G56: =일위대가!J341 -> 244 | H56: =E56+F56+G56 -> 42199 | I56: 호표 53
A57: 5D6763F5894083027E90523982C065 | B57: 타일 압착 붙이기(바탕 95mm+압 5mm) | C57: 바닥, 300*300(일반C, 백색줄눈), 메탈라스포함 | D57: M2 | E57: =일위대가!F351 -> 1162 | F57: =일위대가!H351 -> 69786 | G57: =일위대가!J351 -> 1460 | H57: =E57+F57+G57 -> 72408 | I57: 호표 54
A58: 5D6763F589636CC874C8C5697EE7F5 | B58: 타일 압착 붙이기(바탕 18mm+압 6mm) | C58: 벽, 300*600(일반C, 백색줄눈) | D58: M2 | E58: =일위대가!F360 -> 409 | F58: =일위대가!H360 -> 68316 | G58: =일위대가!J360 -> 1701 | H58: =E58+F58+G58 -> 70426 | I58: 호표 55
A59: 5D6763F5896352707A911F39AE9CA5 | B59: 접착 붙이기 - 타일붙임 | C59: 벽, 300*600 | D59: M2 | E59: =일위대가!F367 -> 5076 | F59: =일위대가!H367 -> 31791 | G59: =일위대가!J367 -> 850 | H59: =E59+F59+G59 -> 37717 | I59: 호표 56
A60: 5D6733438DD8B7AD7EF944D9E2C435 | B60: 우레탄도막방수 | C60: 바닥 3mm, 비노출 | D60: M2 | E60: =일위대가!F371 -> 16664 | F60: =일위대가!H371 -> 20226 | G60: =일위대가!J371 -> 0 | H60: =E60+F60+G60 -> 36890 | I60: 호표 57
A61: 5D6733438DD8B7AD7EF944D9E2C465 | B61: 우레탄도막방수 | C61: 수직 3mm, 비노출 | D61: M2 | E61: =일위대가!F375 -> 15176 | F61: =일위대가!H375 -> 23744 | G61: =일위대가!J375 -> 0 | H61: =E61+F61+G61 -> 38920 | I61: 호표 58
A62: 5D6733438DD8B7AD7EF944D9E2BBD5 | B62: 친환경 도막형 바닥재(견적) | C62: 바닥 | D62: M2 | E62: =일위대가!F380 -> 51000 | F62: =일위대가!H380 -> 32000 | G62: =일위대가!J380 -> 0 | H62: =E62+F62+G62 -> 83000 | I62: 호표 59
A63: 5D673349868E5AEE7C9B4D49B0A925 | B63: 시멘트 액체방수 바름 | C63: 바닥 | D63: M2 | E63: =일위대가!F387 -> 2458 | F63: =일위대가!H387 -> 23346 | G63: =일위대가!J387 -> 700 | H63: =E63+F63+G63 -> 26504 | I63: 호표 60
A64: 5D673349868E5AEE7C98F909A7F705 | B64: 시멘트 액체방수 바름 | C64: 수직부 | D64: M2 | E64: =일위대가!F394 -> 2458 | F64: =일위대가!H394 -> 18337 | G64: =일위대가!J394 -> 550 | H64: =E64+F64+G64 -> 21345 | I64: 호표 61
A65: 5D67334C83D6A10A7513EBD914CDC5 | B65: 액체형 침투성방수 | C65: 바닥 | D65: M2 | E65: =일위대가!F402 -> 7547 | F65: =일위대가!H402 -> 25638 | G65: =일위대가!J402 -> 0 | H65: =E65+F65+G65 -> 33185 | I65: 호표 62
A66: 5D6733438DD8B7AD7EF944D9E2A955 | B66: 화장실방수코너보강 | C66: W=300 | D66: M | E66: =일위대가!F406 -> 4552 | F66: =일위대가!H406 -> 7123 | G66: =일위대가!J406 -> 0 | H66: =E66+F66+G66 -> 11675 | I66: 호표 63
A67: 5D673349868E5AEE7F6E04C9B8E9B5 | B67: 발수제(콘크리트면) | C67: 벽, 2회 | D67: M2 | E67: =일위대가!F414 -> 2178 | F67: =일위대가!H414 -> 24481 | G67: =일위대가!J414 -> 0 | H67: =E67+F67+G67 -> 26659 | I67: 호표 64 | J67: 건설일위대가
A68: 5D6733468925852071787F998076F5 | B68: 수밀코킹(실리콘) | C68: 삼각, 5mm이하, 방균용 | D68: M | E68: =일위대가!F419 -> 210 | F68: =일위대가!H419 -> 5168 | G68: =일위대가!J419 -> 0 | H68: =E68+F68+G68 -> 5378 | I68: 호표 65
A69: 5D673346891B1EB87734CBD9B6E555 | B69: 수밀코킹(실리콘) | C69: 15㎜*15㎜ | D69: M | E69: =일위대가!F424 -> 4590 | F69: =일위대가!H424 -> 5168 | G69: =일위대가!J424 -> 0 | H69: =E69+F69+G69 -> 9758 | I69: 호표 66
A70: 5D673346890A9D3C7A753979341775 | B70: 수밀코킹(실리콘) | C70: 삼각, 10mm, 창호주위 | D70: M | E70: =일위대가!F429 -> 624 | F70: =일위대가!H429 -> 5168 | G70: =일위대가!J429 -> 0 | H70: =E70+F70+G70 -> 5792 | I70: 호표 67
A71: 5D6733478BA09A6671CDF7995144C5 | B71: 방수 모르타르 바름(트랜치) | C71: 21mm | D71: M2 | E71: =일위대가!F434 -> 3226 | F71: =일위대가!H434 -> 33532 | G71: =일위대가!J434 -> 0 | H71: =E71+F71+G71 -> 36758 | I71: 호표 68
A72: 5D67030F8FB05116706E3339C89A65 | B72: 루프드레인 설치 | C72: L형, D80mm | D72: 개소 | E72: =일위대가!F440 -> 70130 | F72: =일위대가!H440 -> 47276 | G72: =일위대가!J440 -> 0 | H72: =E72+F72+G72 -> 117406 | I72: 호표 69
A73: 5D67030F8FB05116706E3339DA7535 | B73: 루프드레인 설치 | C73: L형, D100mm | D73: 개소 | E73: =일위대가!F446 -> 80199 | F73: =일위대가!H446 -> 47276 | G73: =일위대가!J446 -> 0 | H73: =E73+F73+G73 -> 127475 | I73: 호표 70
A74: 5D67030E8D6294247382EC5925EC35 | B74: 스텐 상자홈통 설치 | C74: 250*250*250*1.5t | D74: EA | E74: =일위대가!F451 -> 18673 | F74: =일위대가!H451 -> 30780 | G74: =일위대가!J451 -> 1228 | H74: =E74+F74+G74 -> 50681 | I74: 호표 71
A75: 5D67030E8D3568B57336821936C445 | B75: 선홈통(강관) 설치 | C75: 89.1mm*1.2mm, 스테인리스관 | D75: M | E75: =일위대가!F457 -> 21862 | F75: =일위대가!H457 -> 33340 | G75: =일위대가!J457 -> 0 | H75: =E75+F75+G75 -> 55202 | I75: 호표 72
A76: 5D67030E8D3568B57336821936C475 | B76: 선홈통(강관) 설치 | C76: 101.6mm*1.2mm, 스테인리스관 | D76: M | E76: =일위대가!F463 -> 23941 | F76: =일위대가!H463 -> 33340 | G76: =일위대가!J463 -> 0 | H76: =E76+F76+G76 -> 57281 | I76: 호표 73
A77: 5D67030E8D6294247382EC293206B5 | B77: 빗물받이블럭 | D77: EA | E77: =일위대가!F467 -> 13500 | F77: =일위대가!H467 -> 0 | G77: =일위대가!J467 -> 0 | H77: =E77+F77+G77 -> 13500 | I77: 호표 74
A78: 5D67137F84B83AB370BCC3B9B196B5 | B78: 알루미늄 시트후레싱(파라펫) | C78: ㄷ형,W:(130+400+100)*2t, 불소수지,틀포함,단열별도 | D78: M2 | E78: =일위대가!F472 -> 117924 | F78: =일위대가!H472 -> 45879 | G78: =일위대가!J472 -> 2188 | H78: =E78+F78+G78 -> 165991 | I78: 호표 75 | J78: 시공도
A79: 5D67C3578FDDBC9F7678A1D9EA8DB5 | B79: 미장용 코너비드 설치 | C79: AL, H=13mm | D79: M | E79: =일위대가!F477 -> 500 | F79: =일위대가!H477 -> 6536 | G79: =일위대가!J477 -> 0 | H79: =E79+F79+G79 -> 7036 | I79: 호표 76
A80: 5D67C3578FDDBC9F7678A0390C8BB5 | B80: 베이스비드(홈내기) 설치 | C80: AL, H=10mm | D80: M | E80: =일위대가!F482 -> 450 | F80: =일위대가!H482 -> 6536 | G80: =일위대가!J482 -> 0 | H80: =E80+F80+G80 -> 6986 | I80: 호표 77
A81: 5D67C3578FDDBC9F744C5059E521E5 | B81: 조인트비드 설치 | C81: AL, H=12mm(크랙방지) | D81: M | E81: =일위대가!F487 -> 1250 | F81: =일위대가!H487 -> 6536 | G81: =일위대가!J487 -> 0 | H81: =E81+F81+G81 -> 7786 | I81: 호표 78
A82: 5D67C3578FDDBCC47F3F6AB9F36985 | B82: 타일벽코너가드 | C82: 스테인리스 1.2t*30*30(코킹 5*5) | D82: M | E82: =일위대가!F497 -> 5230 | F82: =일위대가!H497 -> 22137 | G82: =일위대가!J497 -> 530 | H82: =E82+F82+G82 -> 27897 | I82: 호표 79
A83: 5D6713718D1E5B5D7F78C379C9F5C5 | B83: 스틸난간대설치/필로티[A00-111, 2번] | C83: W40*10t 1단+W40*10t@150, H:750, 우레탄도장 | D83: M | E83: =일위대가!F507 -> 36636 | F83: =일위대가!H507 -> 158110 | G83: =일위대가!J507 -> 3966 | H83: =E83+F83+G83 -> 198712 | I83: 호표 80
A84: 5D6713718D28DC4A7B2F3D19A45E55 | B84: 스틸난간대설치/필로티[A00-111, 2번] | C84: W40*10t 1단+W40*10t@150, H:450~750, 우레탄도장 | D84: M | E84: =일위대가!F517 -> 32174 | F84: =일위대가!H517 -> 136872 | G84: =일위대가!J517 -> 3571 | H84: =E84+F84+G84 -> 172617 | I84: 호표 81
A85: 5D6713718D28DC4A7B2F3D19A45E45 | B85: 스틸핸드레일 | C85: D50.8+25.4*1.4t, H:900 | D85: M | E85: =일위대가!F528 -> 8877 | F85: =일위대가!H528 -> 35181 | G85: =일위대가!J528 -> 572 | H85: =E85+F85+G85 -> 44630 | I85: 호표 82
A86: 5D67137584F83481746A6AC943FFD5 | B86: 트랜치/내부 | C86: 아연도그레이팅, W200. I-25*5*3t | D86: M | E86: =일위대가!F542 -> 26498 | F86: =일위대가!H542 -> 33846 | G86: =일위대가!J542 -> 1571 | H86: =E86+F86+G86 -> 61915 | I86: 호표 83
A87: 5D67137B8D53981173C11899429B35 | B87: 경량천장철골틀 설치 | C87: M-BAR, H:1m미만. 인써트 유 | D87: M2 | E87: =일위대가!F557 -> 8341 | F87: =일위대가!H557 -> 10788 | G87: =일위대가!J557 -> 647 | H87: =E87+F87+G87 -> 19776 | I87: 호표 84 | J87: 16년상삭제
A88: 5D67137B8D53981173C118997FEF75 | B88: 경량천장철골틀 설치 | C88: M-BAR, H:1m이상. 인써트 유 | D88: M2 | E88: =일위대가!F572 -> 9771 | F88: =일위대가!H572 -> 10788 | G88: =일위대가!J572 -> 647 | H88: =E88+F88+G88 -> 21206 | I88: 호표 85 | J88: 16년상삭제
A89: 5D67137B8D53981173C118997FEF25 | B89: 경량천장철골틀 설치(샌드위치패널용) | C89: M-BAR, H:1m이상. 인써트 유 | D89: M2 | E89: =일위대가!F587 -> 9771 | F89: =일위대가!H587 -> 10788 | G89: =일위대가!J587 -> 647 | H89: =E89+F89+G89 -> 21206 | I89: 호표 86
A90: 5D67137B8D53981173C1189927CFB5 | B90: 달대보강 설치 | C90: C형강, 75*45*15, t2.3 | D90: M2 | E90: =일위대가!F591 -> 5921 | F90: =일위대가!H591 -> 11610 | G90: =일위대가!J591 -> 365 | H90: =E90+F90+G90 -> 17896 | I90: 호표 87
A91: 5D67137B8D26522D7267CE2968FB75 | B91: 천장점검구 설치 | C91: AL 백색, 650*650mm | D91: 개소 | E91: =일위대가!F599 -> 18622 | F91: =일위대가!H599 -> 97219 | G91: =일위대가!J599 -> 2916 | H91: =E91+F91+G91 -> 118757 | I91: 호표 88
A92: 5D67137F84B828427B54CDC9FFFC15 | B92: 파라펫링 | C92: 스테인리스, D100*19t | D92: 개 | E92: =일위대가!F606 -> 10062 | F92: =일위대가!H606 -> 14788 | G92: =일위대가!J606 -> 590 | H92: =E92+F92+G92 -> 25440 | I92: 호표 89
A93: 5D67137F84B83AB370BCC3C9A837A5 | B93: AL후레싱설치(파라펫) | C93: W:(100+640+100)*2t,틀포함 | D93: M | E93: =일위대가!F610 -> 142800 | F93: =일위대가!H610 -> 0 | G93: =일위대가!J610 -> 0 | H93: =E93+F93+G93 -> 142800 | I93: 호표 90
A94: 5D67137F84B83AB370BCB3B9E89605 | B94: 철판/캐노피 | C94: 6T, 우레탄 도장 | D94: M2 | E94: =일위대가!F616 -> 74195 | F94: =일위대가!H616 -> 275553 | G94: =일위대가!J616 -> 12394 | H94: =E94+F94+G94 -> 362142 | I94: 호표 91 | J94: 시공도
A95: 5D67137F84B83AB370BCB3B9E8B2E5 | B95: AL 후레싱 설치 | C95: W:(100+300+100)*2t, 틀포함 | D95: M | E95: =일위대가!F620 -> 85000 | F95: =일위대가!H620 -> 0 | G95: =일위대가!J620 -> 0 | H95: =E95+F95+G95 -> 85000 | I95: 호표 92 | J95: 시공도
A96: 5D67137F84B83AB370BCB3B9E8B2C5 | B96: AL 후레싱 설치 | C96: W:(100+530+100)*2t, 틀포함 | D96: M | E96: =일위대가!F624 -> 124100 | F96: =일위대가!H624 -> 0 | G96: =일위대가!J624 -> 0 | H96: =E96+F96+G96 -> 124100 | I96: 호표 93 | J96: 시공도
A97: 5D6743A08B447188766F62B99F32F5 | B97: 스테인리스재료분리대 | C97: 바닥, W25*H20*1.5t | D97: M | E97: =일위대가!F634 -> 5009 | F97: =일위대가!H634 -> 14080 | G97: =일위대가!J634 -> 650 | H97: =E97+F97+G97 -> 19739 | I97: 호표 94
A98: 5D6743A08B44718877765479006235 | B98: 스테인리스재료분리대 | C98: 바닥, W45*H20*1.5t | D98: M | E98: =일위대가!F644 -> 6780 | F98: =일위대가!H644 -> 19512 | G98: =일위대가!J644 -> 905 | H98: =E98+F98+G98 -> 27197 | I98: 호표 95
A99: 5D6743AF83BF83337E3C3B095A2475 | B99: 철재커텐박스(ㄱ자형) | C99: 170*100*1.2t, STL(도장 유) | D99: M | E99: =일위대가!F653 -> 5334 | F99: =일위대가!H653 -> 27033 | G99: =일위대가!J653 -> 1051 | H99: =E99+F99+G99 -> 33418 | I99: 호표 96
A100: 5D6743AF83BFB8737D34F6B95BDB55 | B100: 조명박스(ㄷ자형) | C100: 300*300*300*1.2t STL(도장 유) | D100: M | E100: =일위대가!F662 -> 14340 | F100: =일위대가!H662 -> 109759 | G100: =일위대가!J662 -> 2936 | H100: =E100+F100+G100 -> 127035 | I100: 호표 97
...

Sheet 일위대가
A1: [ 대화면도시재생사업청학당조성공사기본및실시설 ]
A2: 품 명 | B2: 규 격 | C2: 단위 | D2: 수량 | E2: 재 료 비 | G2: 노 무 비 | I2: 경 비 | K2: 합 계 | M2: 비 고 | N2: 일위대가 | O2: 품목코드 | P2: 일위 | Q2: 단산 | R2: 자재 | S2: 손료적용 | T2: 손료저장 | U2: 적용율 | V2: JUK1 | W2: JUK2 | X2: JUK3 | Y2: JUK4 | Z2: JUK5 | AA2: JUK6 | AB2: JUK7 | AC2: JUK8 | AD2: JUK9 | AE2: JUK10 | AF2: JUK11 | AG2: JUK12 | AH2: JUK13 | AI2: JUK14 | AJ2: JUK15 | AK2: JUK16 | AL2: JUK17 | AM2: JUK18 | AN2: JUK19 | AO2: JUK20 | AP2: 할증적용 | AQ2: 할증저장 | AR2: 할증율 | AS2: HAL1 | AT2: HAL2 | AU2: HAL3 | AV2: 자재구분 | AW2: 일위대가+자재 | AX2: 장비일위 | AY2: 설정 | AZ2: 할증체크
E3: 단 가 | F3: 금 액 | G3: 단 가 | H3: 금 액 | I3: 단 가 | J3: 금 액 | K3: 단 가 | L3: 금 액
A4: 콘테이너형 가설사무소 설치 및 해체 3.0*6.0m, 12개월 개소 ( 호표 1 ) | N4: 5D67A30D8A60E669727759098E1435
A5: 컨테이너하우스 | B5: 컨테이너하우스, 사무실용, 3.0*6.0*2.6m | C5: 개 | D5: 0.34 | E5: =단가대비표!O256 -> 3104015 | F5: =TRUNC(E5*D5,1) -> 1055365.1 | G5: =단가대비표!P256 -> 0 | H5: =TRUNC(G5*D5,1) -> 0 | I5: =단가대비표!V256 -> 0 | J5: =TRUNC(I5*D5,1) -> 0 | K5: =TRUNC(E5+G5+I5,1) -> 3104015 | L5: =TRUNC(F5+H5+J5,1) -> 1055365.1 | M5: 금액제외 | O5: 5A41A3F889283B257479C999D342C143533BC9 | P5: F | Q5: F | R5: T | V5: 1 | AW5: 5D67A30D8A60E669727759098E14355A41A3F889283B257479C999D342C143533BC9 | AY5: -
A6: 콘테이너형 가설건축물 설치 및 해체 | B6: 3.0*6.0m | C6: 개소 | D6: 1 | E6: =일위대가목록!E280 -> 0 | F6: =TRUNC(E6*D6,1) -> 0 | G6: =일위대가목록!F280 -> 0 | H6: =TRUNC(G6*D6,1) -> 0 | I6: =일위대가목록!G280 -> 427701 | J6: =TRUNC(I6*D6,1) -> 427701 | K6: =TRUNC(E6+G6+I6,1) -> 427701 | L6: =TRUNC(F6+H6+J6,1) -> 427701 | M6: 금액제외 | O6: 5D67A30D8A60E6697A4D91D9A2D5C5 | P6: T | Q6: F | R6: F | V6: 1 | AW6: 5D67A30D8A60E669727759098E14355D67A30D8A60E6697A4D91D9A2D5C5 | AY6: -
A7: 경비로 적용 | B7: 합계의 100% | C7: 식 | D7: 1 | E7: 0 | F7: =TRUNC(E7*D7,1) -> 0 | G7: 0 | H7: =TRUNC(G7*D7,1) -> 0 | I7: =TRUNC(SUMIF(V5:V7, RIGHTB(O7, 1), L5:L7)*U7, 2) -> 1483066.1 | J7: =TRUNC(I7*D7,1) -> 1483066.1 | K7: =TRUNC(E7+G7+I7,1) -> 1483066.1 | L7: =TRUNC(F7+H7+J7,1) -> 1483066.1 | N7: 5D67A30D8A60E669727759098E1435 | O7: 5C7E63118CEA69C67579EF09CA05001 | P7: F | Q7: F | R7: F | S7: 3 | T7: 2 | U7: 1 | AW7: 5D67A30D8A60E669727759098E14355C7E63118CEA69C67579EF09CA05001
A8: [ 합 계 ] | F8: =TRUNC(SUMIF(N5:N7, N4, F5:F7),0) -> 0 | H8: =TRUNC(SUMIF(N5:N7, N4, H5:H7),0) -> 0 | J8: =TRUNC(SUMIF(N5:N7, N4, J5:J7),0) -> 1483066 | L8: =F8+H8+J8 -> 1483066 | N8: TOTAL | O8: TOTAL
A10: 콘테이너형 가설창고 설치 및 해체 3.0*6.0m, 12개월 개소 ( 호표 2 ) | N10: 5D67A30D8A60D5E97E3091D99881A5
A11: 컨테이너하우스 | B11: 컨테이너하우스, 창고용, 3.0*6.0*2.6m | C11: 개 | D11: 0.34 | E11: =단가대비표!O257 -> 2675875 | F11: =TRUNC(E11*D11,1) -> 909797.5 | G11: =단가대비표!P257 -> 0 | H11: =TRUNC(G11*D11,1) -> 0 | I11: =단가대비표!V257 -> 0 | J11: =TRUNC(I11*D11,1) -> 0 | K11: =TRUNC(E11+G11+I11,1) -> 2675875 | L11: =TRUNC(F11+H11+J11,1) -> 909797.5 | M11: 금액제외 | O11: 5A41A3F889283B257479C999D342C143533DF5 | P11: F | Q11: F | R11: T | V11: 1 | AW11: 5D67A30D8A60D5E97E3091D99881A55A41A3F889283B257479C999D342C143533DF5 | AY11: -
A12: 콘테이너형 가설건축물 설치 및 해체 | B12: 3.0*6.0m | C12: 개소 | D12: 1 | E12: =일위대가목록!E280 -> 0 | F12: =TRUNC(E12*D12,1) -> 0 | G12: =일위대가목록!F280 -> 0 | H12: =TRUNC(G12*D12,1) -> 0 | I12: =일위대가목록!G280 -> 427701 | J12: =TRUNC(I12*D12,1) -> 427701 | K12: =TRUNC(E12+G12+I12,1) -> 427701 | L12: =TRUNC(F12+H12+J12,1) -> 427701 | M12: 금액제외 | O12: 5D67A30D8A60E6697A4D91D9A2D5C5 | P12: T | Q12: F | R12: F | V12: 1 | AW12: 5D67A30D8A60D5E97E3091D99881A55D67A30D8A60E6697A4D91D9A2D5C5 | AY12: -
A13: 경비로 적용 | B13: 합계의 100% | C13: 식 | D13: 1 | E13: 0 | F13: =TRUNC(E13*D13,1) -> 0 | G13: 0 | H13: =TRUNC(G13*D13,1) -> 0 | I13: =TRUNC(SUMIF(V11:V13, RIGHTB(O13, 1), L11:L13)*U13, 2) -> 1337498.5 | J13: =TRUNC(I13*D13,1) -> 1337498.5 | K13: =TRUNC(E13+G13+I13,1) -> 1337498.5 | L13: =TRUNC(F13+H13+J13,1) -> 1337498.5 | N13: 5D67A30D8A60D5E97E3091D99881A5 | O13: 5C7E63118CEA69C67579EF09CA05001 | P13: F | Q13: F | R13: F | S13: 3 | T13: 2 | U13: 1 | AW13: 5D67A30D8A60D5E97E3091D99881A55C7E63118CEA69C67579EF09CA05001
A14: [ 합 계 ] | F14: =TRUNC(SUMIF(N11:N13, N10, F11:F13),0) -> 0 | H14: =TRUNC(SUMIF(N11:N13, N10, H11:H13),0) -> 0 | J14: =TRUNC(SUMIF(N11:N13, N10, J11:J13),0) -> 1337498 | L14: =F14+H14+J14 -> 1337498 | N14: TOTAL | O14: TOTAL
A16: 콘테이너형 가설실험실 설치 및 해체 3.0*6.0m, 12개월 개소 ( 호표 3 ) | N16: 5D67A30D8A60D5E97E3091D99881F5
A17: 컨테이너하우스 | B17: 컨테이너하우스, 창고용, 3.0*6.0*2.6m | C17: 개 | D17: 0.34 | E17: =단가대비표!O257 -> 2675875 | F17: =TRUNC(E17*D17,1) -> 909797.5 | G17: =단가대비표!P257 -> 0 | H17: =TRUNC(G17*D17,1) -> 0 | I17: =단가대비표!V257 -> 0 | J17: =TRUNC(I17*D17,1) -> 0 | K17: =TRUNC(E17+G17+I17,1) -> 2675875 | L17: =TRUNC(F17+H17+J17,1) -> 909797.5 | M17: 금액제외 | O17: 5A41A3F889283B257479C999D342C143533DF5 | P17: F | Q17: F | R17: T | V17: 1 | AW17: 5D67A30D8A60D5E97E3091D99881F55A41A3F889283B257479C999D342C143533DF5 | AY17: -
A18: 콘테이너형 가설건축물 설치 및 해체 | B18: 3.0*6.0m | C18: 개소 | D18: 1 | E18: =일위대가목록!E280 -> 0 | F18: =TRUNC(E18*D18,1) -> 0 | G18: =일위대가목록!F280 -> 0 | H18: =TRUNC(G18*D18,1) -> 0 | I18: =일위대가목록!G280 -> 427701 | J18: =TRUNC(I18*D18,1) -> 427701 | K18: =TRUNC(E18+G18+I18,1) -> 427701 | L18: =TRUNC(F18+H18+J18,1) -> 427701 | M18: 금액제외 | O18: 5D67A30D8A60E6697A4D91D9A2D5C5 | P18: T | Q18: F | R18: F | V18: 1 | AW18: 5D67A30D8A60D5E97E3091D99881F55D67A30D8A60E6697A4D91D9A2D5C5 | AY18: -
A19: 경비로 적용 | B19: 합계의 100% | C19: 식 | D19: 1 | E19: 0 | F19: =TRUNC(E19*D19,1) -> 0 | G19: 0 | H19: =TRUNC(G19*D19,1) -> 0 | I19: =TRUNC(SUMIF(V17:V19, RIGHTB(O19, 1), L17:L19)*U19, 2) -> 1337498.5 | J19: =TRUNC(I19*D19,1) -> 1337498.5 | K19: =TRUNC(E19+G19+I19,1) -> 1337498.5 | L19: =TRUNC(F19+H19+J19,1) -> 1337498.5 | N19: 5D67A30D8A60D5E97E3091D99881F5 | O19: 5C7E63118CEA69C67579EF09CA05001 | P19: F | Q19: F | R19: F | S19: 3 | T19: 2 | U19: 1 | AW19: 5D67A30D8A60D5E97E3091D99881F55C7E63118CEA69C67579EF09CA05001
A20: [ 합 계 ] | F20: =TRUNC(SUMIF(N17:N19, N16, F17:F19),0) -> 0 | H20: =TRUNC(SUMIF(N17:N19, N16, H17:H19),0) -> 0 | J20: =TRUNC(SUMIF(N17:N19, N16, J17:J19),0) -> 1337498 | L20: =F20+H20+J20 -> 1337498 | N20: TOTAL | O20: TOTAL
A22: 가설방음벽설치/(RPP) H=3.0, 12개월 M ( 호표 4 ) | N22: 5D67A30E84A236D1756C80E96F8845
A23: 가설방음판 | B23: 가설방음판, 플라스틱, 1980-2000*500*30mm | C23: 매 | D23: 3 | E23: =단가대비표!O150 -> 25000 | F23: =TRUNC(E23*D23,1) -> 75000 | G23: =단가대비표!P150 -> 0 | H23: =TRUNC(G23*D23,1) -> 0 | I23: =단가대비표!V150 -> 0 | J23: =TRUNC(I23*D23,1) -> 0 | K23: =TRUNC(E23+G23+I23,1) -> 25000 | L23: =TRUNC(F23+H23+J23,1) -> 75000 | M23: 금액제외 | O23: 5A41A3FB86709D947320F4093504B54C59330A | P23: F | Q23: F | R23: T | V23: 1 | AW23: 5D67A30E84A236D1756C80E96F88455A41A3FB86709D947320F4093504B54C59330A | AY23: -
A24: 손율 | B24: 합계의 45% | C24: 식 | D24: 1 | E24: 0 | F24: =TRUNC(E24*D24,1) -> 0 | G24: 0 | H24: =TRUNC(G24*D24,1) -> 0 | I24: =TRUNC(SUMIF(V23:V32, RIGHTB(O24, 1), L23:L32)*U24, 2) -> 33750 | J24: =TRUNC(I24*D24,1) -> 33750 | K24: =TRUNC(E24+G24+I24,1) -> 33750 | L24: =TRUNC(F24+H24+J24,1) -> 33750 | N24: 5D67A30E84A236D1756C80E96F8845 | O24: 5C7E63118CEA69C67579EF09CA05001 | P24: F | Q24: F | R24: F | S24: 3 | T24: 2 | U24: 0.45 | AW24: 5D67A30E84A236D1756C80E96F88455C7E63118CEA69C67579EF09CA35002
A25: POST | B25: H-bar | C25: M | D25: 1.74 | E25: =단가대비표!O238 -> 7000 | F25: =TRUNC(E25*D25,1) -> 12180 | G25: =단가대비표!P238 -> 0 | H25: =TRUNC(G25*D25,1) -> 0 | I25: =단가대비표!V238 -> 0 | J25: =TRUNC(I25*D25,1) -> 0 | K25: =TRUNC(E25+G25+I25,1) -> 7000 | L25: =TRUNC(F25+H25+J25,1) -> 12180 | M25: 금액제외 | O25: 5A41A3FB86C8BDEE7785C16903A7CD1E5B812B | P25: F | Q25: F | R25: T | W25: 2 | AW25: 5D67A30E84A236D1756C80E96F88455A41A3FB86C8BDEE7785C16903A7CD1E5B812B | AY25: -
A26: 강관비계 | B26: 강관비계, 비계파이프, 48.6*2.3mm | C26: M | D26: 6 | E26: =단가대비표!O227 -> 3983.33 | F26: =TRUNC(E26*D26,1) -> 23899.9 | G26: =단가대비표!P227 -> 0 | H26: =TRUNC(G26*D26,1) -> 0 | I26: =단가대비표!V227 -> 0 | J26: =TRUNC(I26*D26,1) -> 0 | K26: =TRUNC(E26+G26+I26,1) -> 3983.3 | L26: =TRUNC(F26+H26+J26,1) -> 23899.9 | M26: 금액제외 | O26: 5A41A3FB86C8BDDC70FF76C9D4194EDE5991D2 | P26: F | Q26: F | R26: T | W26: 2 | AW26: 5D67A30E84A236D1756C80E96F88455A41A3FB86C8BDDC70FF76C9D4194EDE5991D2 | AY26: -
A27: 손율 | B27: 합계의 19% | C27: 식 | D27: 1 | E27: 0 | F27: =TRUNC(E27*D27,1) -> 0 | G27: 0 | H27: =TRUNC(G27*D27,1) -> 0 | I27: =TRUNC(SUMIF(W23:W32, RIGHTB(O27, 1), L23:L32)*U27, 2) -> 6855.18 | J27: =TRUNC(I27*D27,1) -> 6855.1 | K27: =TRUNC(E27+G27+I27,1) -> 6855.1 | L27: =TRUNC(F27+H27+J27,1) -> 6855.1 | N27: 5D67A30E84A236D1756C80E96F8845 | O27: 5C7E63118CEA69C67579EF09CA35002 | P27: F | Q27: F | R27: F | S27: 3 | T27: 2 | U27: 0.19 | AW27: 5D67A30E84A236D1756C80E96F88455C7E63118CEA69C67579EF09CA25003
A28: 강관비계 부속철물 | B28: 클램프 고정, 자동 | C28: 개 | D28: 2 | E28: =단가대비표!O229 -> 1590 | F28: =TRUNC(E28*D28,1) -> 3180 | G28: =단가대비표!P229 -> 0 | H28: =TRUNC(G28*D28,1) -> 0 | I28: =단가대비표!V229 -> 0 | J28: =TRUNC(I28*D28,1) -> 0 | K28: =TRUNC(E28+G28+I28,1) -> 1590 | L28: =TRUNC(F28+H28+J28,1) -> 3180 | M28: 금액제외 | O28: 5A41A3FB86C8BDDC70FF76C9D4194EDE588F66 | P28: F | Q28: F | R28: T | X28: 3 | AW28: 5D67A30E84A236D1756C80E96F88455A41A3FB86C8BDDC70FF76C9D4194EDE588F66 | AY28: -
A29: 강관비계 부속철물 | B29: 이음철물, 연결핀 | C29: 개 | D29: 0.419 | E29: =단가대비표!O228 -> 1400 | F29: =TRUNC(E29*D29,1) -> 586.6 | G29: =단가대비표!P228 -> 0 | H29: =TRUNC(G29*D29,1) -> 0 | I29: =단가대비표!V228 -> 0 | J29: =TRUNC(I29*D29,1) -> 0 | K29: =TRUNC(E29+G29+I29,1) -> 1400 | L29: =TRUNC(F29+H29+J29,1) -> 586.6 | M29: 금액제외 | O29: 5A41A3FB86C8BDDC70FF76C9D4194EDE588F61 | P29: F | Q29: F | R29: T | X29: 3 | AW29: 5D67A30E84A236D1756C80E96F88455A41A3FB86C8BDDC70FF76C9D4194EDE588F61 | AY29: -
A30: 손율 | B30: 주재료비의 38% | C30: 식 | D30: 1 | E30: 0 | F30: =TRUNC(E30*D30,1) -> 0 | G30: 0 | H30: =TRUNC(G30*D30,1) -> 0 | I30: =TRUNC(SUMIF(X23:X32, RIGHTB(O30, 1), F23:F32)*U30, 2) -> 1431.3 | J30: =TRUNC(I30*D30,1) -> 1431.3 | K30: =TRUNC(E30+G30+I30,1) -> 1431.3 | L30: =TRUNC(F30+H30+J30,1) -> 1431.3 | N30: 5D67A30E84A236D1756C80E96F8845 | O30: 5C7E63118CEA69C67579EF09CA25003 | P30: F | Q30: F | R30: F | S30: 0 | T30: 2 | U30: 0.38 | AW30: 5D67A30E84A236D1756C80E96F88455C7E63118CEA69C67579EF09CA55004
A31: 가설울타리 및 가설방음벽 가로형 가설방음판 | B31: 설치높이 3m 이하 | C31: M | D31: 1 | E31: =일위대가목록!E282 -> 0 | F31: =TRUNC(E31*D31,1) -> 0 | G31: =일위대가목록!F282 -> 0 | H31: =TRUNC(G31*D31,1) -> 0 | I31: =일위대가목록!G282 -> 44099 | J31: =TRUNC(I31*D31,1) -> 44099 | K31: =TRUNC(E31+G31+I31,1) -> 44099 | L31: =TRUNC(F31+H31+J31,1) -> 44099 | M31: 호표 279 | N31: 5D67A30E84A236D1756C80E96F8845 | O31: 5D67A30E84A236D17445F9299C3465 | P31: T | Q31: F | R31: F | AW31: 5D67A30E84A236D1756C80E96F88455D67A30E84A236D17445F9299C3465
A32: 가설울타리 및 가설방음벽 H형강 지주 | B32: 지주높이 4m 이하 | C32: M | D32: 1 | E32: =일위대가목록!E283 -> 0 | F32: =TRUNC(E32*D32,1) -> 0 | G32: =일위대가목록!F283 -> 0 | H32: =TRUNC(G32*D32,1) -> 0 | I32: =일위대가목록!G283 -> 37894 | J32: =TRUNC(I32*D32,1) -> 37894 | K32: =TRUNC(E32+G32+I32,1) -> 37894 | L32: =TRUNC(F32+H32+J32,1) -> 37894 | M32: 호표 280 | N32: 5D67A30E84A236D1756C80E96F8845 | O32: 5D67A30E84A236D17445F9293BAFA5 | P32: T | Q32: F | R32: F | AW32: 5D67A30E84A236D1756C80E96F88455D67A30E84A236D17445F9293BAFA5
A33: [ 합 계 ] | F33: =TRUNC(SUMIF(N23:N32, N22, F23:F32),0) -> 0 | H33: =TRUNC(SUMIF(N23:N32, N22, H23:H32),0) -> 0 | J33: =TRUNC(SUMIF(N23:N32, N22, J23:J32),0) -> 124029 | L33: =F33+H33+J33 -> 124029 | N33: TOTAL | O33: TOTAL
A35: 가설방음문설치/(RPP) W=10.0*H=3.0, 12개월 EA ( 호표 5 ) | N35: 5D67A30E84A236D1756C80E91768D5
A36: 홀딩도어 | C36: M2 | D36: 13.5 | E36: =단가대비표!O241 -> 90000 | F36: =TRUNC(E36*D36,1) -> 1215000 | G36: =단가대비표!P241 -> 0 | H36: =TRUNC(G36*D36,1) -> 0 | I36: =단가대비표!V241 -> 0 | J36: =TRUNC(I36*D36,1) -> 0 | K36: =TRUNC(E36+G36+I36,1) -> 90000 | L36: =TRUNC(F36+H36+J36,1) -> 1215000 | M36: 금액제외 | O36: 5A41A3FB86C8BDEE77816AE9B1B59AB95316A5 | P36: F | Q36: F | R36: T | V36: 1 | AW36: 5D67A30E84A236D1756C80E91768D55A41A3FB86C8BDEE77816AE9B1B59AB95316A5 | AY36: -
A37: 가설울타리판 설치 | B37: 설치높이 6m 이하 | C37: 10M | D37: 1 | E37: =일위대가목록!E286 -> 0 | F37: =TRUNC(E37*D37,1) -> 0 | G37: =일위대가목록!F286 -> 0 | H37: =TRUNC(G37*D37,1) -> 0 | I37: =일위대가목록!G286 -> 105583 | J37: =TRUNC(I37*D37,1) -> 105583 | K37: =TRUNC(E37+G37+I37,1) -> 105583 | L37: =TRUNC(F37+H37+J37,1) -> 105583 | M37: 금액제외 | O37: 5D67A30E84A236D1756C824924C2D5 | P37: T | Q37: F | R37: F | V37: 1 | AW37: 5D67A30E84A236D1756C80E91768D55D67A30E84A236D1756C824924C2D5 | AY37: -
A38: 가설울타리판 해체 | B38: 설치높이 6m 이하 | C38: 10M | D38: 1 | E38: =일위대가목록!E287 -> 0 | F38: =TRUNC(E38*D38,1) -> 0 | G38: =일위대가목록!F287 -> 0 | H38: =TRUNC(G38*D38,1) -> 0 | I38: =일위대가목록!G287 -> 43282 | J38: =TRUNC(I38*D38,1) -> 43282 | K38: =TRUNC(E38+G38+I38,1) -> 43282 | L38: =TRUNC(F38+H38+J38,1) -> 43282 | M38: 금액제외 | O38: 5D67A30E84A236D1756C824924D345 | P38: T | Q38: F | R38: F | V38: 1 | AW38: 5D67A30E84A236D1756C80E91768D55D67A30E84A236D1756C824924D345 | AY38: -
A39: 경비로 적용 | B39: 합계의 100% | C39: 식 | D39: 1 | E39: 0 | F39: =TRUNC(E39*D39,1) -> 0 | G39: 0 | H39: =TRUNC(G39*D39,1) -> 0 | I39: =TRUNC(SUMIF(V36:V39, RIGHTB(O39, 1), L36:L39)*U39, 2) -> 1363865 | J39: =TRUNC(I39*D39,1) -> 1363865 | K39: =TRUNC(E39+G39+I39,1) -> 1363865 | L39: =TRUNC(F39+H39+J39,1) -> 1363865 | N39: 5D67A30E84A236D1756C80E91768D5 | O39: 5C7E63118CEA69C67579EF09CA05001 | P39: F | Q39: F | R39: F | S39: 3 | T39: 2 | U39: 1 | AW39: 5D67A30E84A236D1756C80E91768D55C7E63118CEA69C67579EF09CA35002
A40: [ 합 계 ] | F40: =TRUNC(SUMIF(N36:N39, N35, F36:F39),0) -> 0 | H40: =TRUNC(SUMIF(N36:N39, N35, H36:H39),0) -> 0 | J40: =TRUNC(SUMIF(N36:N39, N35, J36:J39),0) -> 1363865 | L40: =F40+H40+J40 -> 1363865 | N40: TOTAL | O40: TOTAL
A42: 수평 규준틀 평 개소 ( 호표 6 ) | N42: 5D67A30E8487698D7FC1AD69C0A0A5
A43: 각재 | B43: 각재, 외송 | C43: M3 | D43: 0.014 | E43: =단가대비표!O131 -> 528205 | F43: =TRUNC(E43*D43,1) -> 7394.8 | G43: =단가대비표!P131 -> 0 | H43: =TRUNC(G43*D43,1) -> 0 | I43: =단가대비표!V131 -> 0 | J43: =TRUNC(I43*D43,1) -> 0 | K43: =TRUNC(E43+G43+I43,1) -> 528205 | L43: =TRUNC(F43+H43+J43,1) -> 7394.8 | N43: 5D67A30E8487698D7FC1AD69C0A0A5 | O43: 5A41A3FB86559B3C7359A139EFB57F3958A503 | P43: F | Q43: F | R43: T | AW43: 5D67A30E8487698D7FC1AD69C0A0A55A41A3FB86559B3C7359A139EFB57F3958A503
A44: 건축목공 | B44: 일반공사 직종 | C44: 인 | D44: 0.15 | E44: =단가대비표!O359 -> 0 | F44: =TRUNC(E44*D44,1) -> 0 | G44: =단가대비표!P359 -> 277894 | H44: =TRUNC(G44*D44,1) -> 41684.1 | I44: =단가대비표!V359 -> 0 | J44: =TRUNC(I44*D44,1) -> 0 | K44: =TRUNC(E44+G44+I44,1) -> 277894 | L44: =TRUNC(F44+H44+J44,1) -> 41684.1 | N44: 5D67A30E8487698D7FC1AD69C0A0A5 | O44: 5DB8D30C8038A72278932A09A6AE3B2D50A21F | P44: F | Q44: F | R44: T | AW44: 5D67A30E8487698D7FC1AD69C0A0A55DB8D30C8038A72278932A09A6AE3B2D50A21F
A45: 보통인부 | B45: 일반공사 직종 | C45: 인 | D45: 0.3 | E45: =단가대비표!O345 -> 0 | F45: =TRUNC(E45*D45,1) -> 0 | G45: =단가대비표!P345 -> 169804 | H45: =TRUNC(G45*D45,1) -> 50941.2 | I45: =단가대비표!V345 -> 0 | J45: =TRUNC(I45*D45,1) -> 0 | K45: =TRUNC(E45+G45+I45,1) -> 169804 | L45: =TRUNC(F45+H45+J45,1) -> 50941.2 | N45: 5D67A30E8487698D7FC1AD69C0A0A5 | O45: 5DB8D30C8038A72278932A09A6AE3B2D50A06C | P45: F | Q45: F | R45: T | AW45: 5D67A30E8487698D7FC1AD69C0A0A55DB8D30C8038A72278932A09A6AE3B2D50A06C
A46: [ 합 계 ] | F46: =TRUNC(SUMIF(N43:N45, N42, F43:F45),0) -> 7394 | H46: =TRUNC(SUMIF(N43:N45, N42, H43:H45),0) -> 92625 | J46: =TRUNC(SUMIF(N43:N45, N42, J43:J45),0) -> 0 | L46: =F46+H46+J46 -> 100019 | N46: TOTAL | O46: TOTAL
A48: 수평 규준틀 귀 개소 ( 호표 7 ) | N48: 5D67A30E8487698D7FC1AE7937C605
A49: 각재 | B49: 각재, 외송 | C49: M3 | D49: 0.022 | E49: =단가대비표!O131 -> 528205 | F49: =TRUNC(E49*D49,1) -> 11620.5 | G49: =단가대비표!P131 -> 0 | H49: =TRUNC(G49*D49,1) -> 0 | I49: =단가대비표!V131 -> 0 | J49: =TRUNC(I49*D49,1) -> 0 | K49: =TRUNC(E49+G49+I49,1) -> 528205 | L49: =TRUNC(F49+H49+J49,1) -> 11620.5 | N49: 5D67A30E8487698D7FC1AE7937C605 | O49: 5A41A3FB86559B3C7359A139EFB57F3958A503 | P49: F | Q49: F | R49: T | AW49: 5D67A30E8487698D7FC1AE7937C6055A41A3FB86559B3C7359A139EFB57F3958A503
A50: 건축목공 | B50: 일반공사 직종 | C50: 인 | D50: 0.3 | E50: =단가대비표!O359 -> 0 | F50: =TRUNC(E50*D50,1) -> 0 | G50: =단가대비표!P359 -> 277894 | H50: =TRUNC(G50*D50,1) -> 83368.2 | I50: =단가대비표!V359 -> 0 | J50: =TRUNC(I50*D50,1) -> 0 | K50: =TRUNC(E50+G50+I50,1) -> 277894 | L50: =TRUNC(F50+H50+J50,1) -> 83368.2 | N50: 5D67A30E8487698D7FC1AE7937C605 | O50: 5DB8D30C8038A72278932A09A6AE3B2D50A21F | P50: F | Q50: F | R50: T | AW50: 5D67A30E8487698D7FC1AE7937C6055DB8D30C8038A72278932A09A6AE3B2D50A21F
A51: 보통인부 | B51: 일반공사 직종 | C51: 인 | D51: 0.45 | E51: =단가대비표!O345 -> 0 | F51: =TRUNC(E51*D51,1) -> 0 | G51: =단가대비표!P345 -> 169804 | H51: =TRUNC(G51*D51,1) -> 76411.8 | I51: =단가대비표!V345 -> 0 | J51: =TRUNC(I51*D51,1) -> 0 | K51: =TRUNC(E51+G51+I51,1) -> 169804 | L51: =TRUNC(F51+H51+J51,1) -> 76411.8 | N51: 5D67A30E8487698D7FC1AE7937C605 | O51: 5DB8D30C8038A72278932A09A6AE3B2D50A06C | P51: F | Q51: F | R51: T | AW51: 5D67A30E8487698D7FC1AE7937C6055DB8D30C8038A72278932A09A6AE3B2D50A06C
A52: [ 합 계 ] | F52: =TRUNC(SUMIF(N49:N51, N48, F49:F51),0) -> 11620 | H52: =TRUNC(SUMIF(N49:N51, N48, H49:H51),0) -> 159780 | J52: =TRUNC(SUMIF(N49:N51, N48, J49:J51),0) -> 0 | L52: =F52+H52+J52 -> 171400 | N52: TOTAL | O52: TOTAL
A54: 강관 조립말비계(이동식)설치 및 해체 높이 2m, 3개월 대 ( 호표 8 ) | N54: 5D67A30E8487699E71B5651960B165
A55: 비계안정장치 | B55: 비계안정장치, 비계기본틀, 기둥, 1.2*1.7m | C55: 개 | D55: 0.12 | E55: =단가대비표!O230 -> 30941 | F55: =TRUNC(E55*D55,1) -> 3712.9 | G55: =단가대비표!P230 -> 0 | H55: =TRUNC(G55*D55,1) -> 0 | I55: =단가대비표!V230 -> 0 | J55: =TRUNC(I55*D55,1) -> 0 | K55: =TRUNC(E55+G55+I55,1) -> 30941 | L55: =TRUNC(F55+H55+J55,1) -> 3712.9 | N55: 5D67A30E8487699E71B5651960B165 | O55: 5A41A3FB86C8BDEE7785C16903A7CD1E5B8F8C | P55: F | Q55: F | R55: T | AW55: 5D67A30E8487699E71B5651960B1655A41A3FB86C8BDEE7785C16903A7CD1E5B8F8C
A56: 비계안정장치 | B56: 비계안정장치, 가새, 1.2*1.9m | C56: 개 | D56: 0.12 | E56: =단가대비표!O231 -> 9099 | F56: =TRUNC(E56*D56,1) -> 1091.8 | G56: =단가대비표!P231 -> 0 | H56: =TRUNC(G56*D56,1) -> 0 | I56: =단가대비표!V231 -> 0 | J56: =TRUNC(I56*D56,1) -> 0 | K56: =TRUNC(E56+G56+I56,1) -> 9099 | L56: =TRUNC(F56+H56+J56,1) -> 1091.8 | N56: 5D67A30E8487699E71B5651960B165 | O56: 5A41A3FB86C8BDEE7785C16903A7CD1E5B8F82 | P56: F | Q56: F | R56: T | AW56: 5D67A30E8487699E71B5651960B1655A41A3FB86C8BDEE7785C16903A7CD1E5B8F82
A57: 비계안정장치 | B57: 비계안정장치, 수평띠장, 1829mm | C57: 개 | D57: 0.24 | E57: =단가대비표!O232 -> 25000 | F57: =TRUNC(E57*D57,1) -> 6000 | G57: =단가대비표!P232 -> 0 | H57: =TRUNC(G57*D57,1) -> 0 | I57: =단가대비표!V232 -> 0 | J57: =TRUNC(I57*D57,1) -> 0 | K57: =TRUNC(E57+G57+I57,1) -> 25000 | L57: =TRUNC(F57+H57+J57,1) -> 6000 | N57: 5D67A30E8487699E71B5651960B165 | O57: 5A41A3FB86C8BDEE7785C16903A7CD1E5B8004 | P57: F | Q57: F | R57: T | AW57: 5D67A30E8487699E71B5651960B1655A41A3FB86C8BDEE7785C16903A7CD1E5B8004
A58: 비계안정장치 | B58: 비계안정장치, 손잡이기둥 | C58: 개 | D58: 0.24 | E58: =단가대비표!O235 -> 25000 | F58: =TRUNC(E58*D58,1) -> 6000 | G58: =단가대비표!P235 -> 0 | H58: =TRUNC(G58*D58,1) -> 0 | I58: =단가대비표!V235 -> 0 | J58: =TRUNC(I58*D58,1) -> 0 | K58: =TRUNC(E58+G58+I58,1) -> 25000 | L58: =TRUNC(F58+H58+J58,1) -> 6000 | N58: 5D67A30E8487699E71B5651960B165 | O58: 5A41A3FB86C8BDEE7785C16903A7CD1E5B8003 | P58: F | Q58: F | R58: T | AW58: 5D67A30E8487699E71B5651960B1655A41A3FB86C8BDEE7785C16903A7CD1E5B8003
A59: 비계안정장치 | B59: 비계안정장치, 손잡이, 1229mm | C59: 개 | D59: 0.12 | E59: =단가대비표!O233 -> 6500 | F59: =TRUNC(E59*D59,1) -> 780 | G59: =단가대비표!P233 -> 0 | H59: =TRUNC(G59*D59,1) -> 0 | I59: =단가대비표!V233 -> 0 | J59: =TRUNC(I59*D59,1) -> 0 | K59: =TRUNC(E59+G59+I59,1) -> 6500 | L59: =TRUNC(F59+H59+J59,1) -> 780 | N59: 5D67A30E8487699E71B5651960B165 | O59: 5A41A3FB86C8BDEE7785C16903A7CD1E5B8005 | P59: F | Q59: F | R59: T | AW59: 5D67A30E8487699E71B5651960B1655A41A3FB86C8BDEE7785C16903A7CD1E5B8005
A60: 비계안정장치 | B60: 비계안정장치, 손잡이, 1829mm | C60: 개 | D60: 0.24 | E60: =단가대비표!O234 -> 8500 | F60: =TRUNC(E60*D60,1) -> 2040 | G60: =단가대비표!P234 -> 0 | H60: =TRUNC(G60*D60,1) -> 0 | I60: =단가대비표!V234 -> 0 | J60: =TRUNC(I60*D60,1) -> 0 | K60: =TRUNC(E60+G60+I60,1) -> 8500 | L60: =TRUNC(F60+H60+J60,1) -> 2040 | N60: 5D67A30E8487699E71B5651960B165 | O60: 5A41A3FB86C8BDEE7785C16903A7CD1E5B8002 | P60: F | Q60: F | R60: T | AW60: 5D67A30E8487699E71B5651960B1655A41A3FB86C8BDEE7785C16903A7CD1E5B8002
A61: 비계안정장치 | B61: 비계안정장치, 바퀴 | C61: 개 | D61: 0.36 | E61: =단가대비표!O236 -> 9500 | F61: =TRUNC(E61*D61,1) -> 3420 | G61: =단가대비표!P236 -> 0 | H61: =TRUNC(G61*D61,1) -> 0 | I61: =단가대비표!V236 -> 0 | J61: =TRUNC(I61*D61,1) -> 0 | K61: =TRUNC(E61+G61+I61,1) -> 9500 | L61: =TRUNC(F61+H61+J61,1) -> 3420 | N61: 5D67A30E8487699E71B5651960B165 | O61: 5A41A3FB86C8BDEE7785C16903A7CD1E5B8000 | P61: F | Q61: F | R61: T | AW61: 5D67A30E8487699E71B5651960B1655A41A3FB86C8BDEE7785C16903A7CD1E5B8000
A62: 비계안정장치 | B62: 비계안정장치, 쟈키 | C62: 개 | D62: 0.36 | E62: =단가대비표!O237 -> 11000 | F62: =TRUNC(E62*D62,1) -> 3960 | G62: =단가대비표!P237 -> 0 | H62: =TRUNC(G62*D62,1) -> 0 | I62: =단가대비표!V237 -> 0 | J62: =TRUNC(I62*D62,1) -> 0 | K62: =TRUNC(E62+G62+I62,1) -> 11000 | L62: =TRUNC(F62+H62+J62,1) -> 3960 | N62: 5D67A30E8487699E71B5651960B165 | O62: 5A41A3FB86C8BDEE7785C16903A7CD1E5B8001 | P62: F | Q62: F | R62: T | AW62: 5D67A30E8487699E71B5651960B1655A41A3FB86C8BDEE7785C16903A7CD1E5B8001
A63: 비계안정장치 | B63: 비계안정장치, 발판, 40*200*2000 | C63: 장 | D63: 0.63 | E63: =단가대비표!O239 -> 20500 | F63: =TRUNC(E63*D63,1) -> 12915 | G63: =단가대비표!P239 -> 0 | H63: =TRUNC(G63*D63,1) -> 0 | I63: =단가대비표!V239 -> 0 | J63: =TRUNC(I63*D63,1) -> 0 | K63: =TRUNC(E63+G63+I63,1) -> 20500 | L63: =TRUNC(F63+H63+J63,1) -> 12915 | N63: 5D67A30E8487699E71B5651960B165 | O63: 5A41A3FB86C8BDEE7785C1692EA43714582BB8 | P63: F | Q63: F | R63: T | AW63: 5D67A30E8487699E71B5651960B1655A41A3FB86C8BDEE7785C1692EA43714582BB8
A64: 강관 조립말비계(이동식)설치 및 해체 | B64: 높이 2m, 노무비 | C64: 대 | D64: 1 | E64: =일위대가목록!E288 -> 0 | F64: =TRUNC(E64*D64,1) -> 0 | G64: =일위대가목록!F288 -> 93630 | H64: =TRUNC(G64*D64,1) -> 93630 | I64: =일위대가목록!G288 -> 0 | J64: =TRUNC(I64*D64,1) -> 0 | K64: =TRUNC(E64+G64+I64,1) -> 93630 | L64: =TRUNC(F64+H64+J64,1) -> 93630 | M64: 호표 285 | N64: 5D67A30E8487699E71B5651960B165 | O64: 5D67A30E8487699E71B56409F18B85 | P64: T | Q64: F | R64: F | AW64: 5D67A30E8487699E71B5651960B1655D67A30E8487699E71B56409F18B85
A65: [ 합 계 ] | F65: =TRUNC(SUMIF(N55:N64, N54, F55:F64),0) -> 39919 | H65: =TRUNC(SUMIF(N55:N64, N54, H55:H64),0) -> 93630 | J65: =TRUNC(SUMIF(N55:N64, N54, J55:J64),0) -> 0 | L65: =F65+H65+J65 -> 133549 | N65: TOTAL | O65: TOTAL
A67: 시스템동바리 설치 및 해체(설치간격 0.6m~1.2m 이하) 10m이하, 3개월 10공M3 ( 호표 9 ) | N67: 5D67A30E84875F15736AC6294AAEC5
A68: SYSTEM 수직재 | B68: D60.5*2.6t/수직재 8.0kg | C68: EA | D68: 6.7223 | E68: =단가대비표!O124 -> 16000 | F68: =TRUNC(E68*D68,1) -> 107556.8 | G68: =단가대비표!P124 -> 0 | H68: =TRUNC(G68*D68,1) -> 0 | I68: =단가대비표!V124 -> 0 | J68: =TRUNC(I68*D68,1) -> 0 | K68: =TRUNC(E68+G68+I68,1) -> 16000 | L68: =TRUNC(F68+H68+J68,1) -> 107556.8 | M68: 금액제외 | O68: 5A41A3FB86559B3C7A85BF9940659DF35C6304 | P68: F | Q68: F | R68: T | V68: 1 | AW68: 5D67A30E84875F15736AC6294AAEC55A41A3FB86559B3C7A85BF9940659DF35C6304 | AY68: -
A69: SYSTEM 수평재 | B69: D42.7*2.3t/수평재 2.7kg | C69: EA | D69: 16.9166 | E69: =단가대비표!O125 -> 6500 | F69: =TRUNC(E69*D69,1) -> 109957.9 | G69: =단가대비표!P125 -> 0 | H69: =TRUNC(G69*D69,1) -> 0 | I69: =단가대비표!V125 -> 0 | J69: =TRUNC(I69*D69,1) -> 0 | K69: =TRUNC(E69+G69+I69,1) -> 6500 | L69: =TRUNC(F69+H69+J69,1) -> 109957.9 | M69: 금액제외 | O69: 5A41A3FB86559B3C7A85BF9940659DF35C6309 | P69: F | Q69: F | R69: T | V69: 1 | AW69: 5D67A30E84875F15736AC6294AAEC55A41A3FB86559B3C7A85BF9940659DF35C6309 | AY69: -
A70: SYSTEM 대각재 | B70: D42.7*2.3t/대각재 4.7kg | C70: EA | D70: 6.3437 | E70: =단가대비표!O126 -> 11400 | F70: =TRUNC(E70*D70,1) -> 72318.1 | G70: =단가대비표!P126 -> 0 | H70: =TRUNC(G70*D70,1) -> 0 | I70: =단가대비표!V126 -> 0 | J70: =TRUNC(I70*D70,1) -> 0 | K70: =TRUNC(E70+G70+I70,1) -> 11400 | L70: =TRUNC(F70+H70+J70,1) -> 72318.1 | M70: 금액제외 | O70: 5A41A3FB86559B3C7A85BF9940659DF35C604C | P70: F | Q70: F | R70: T | V70: 1 | AW70: 5D67A30E84875F15736AC6294AAEC55A41A3FB86559B3C7A85BF9940659DF35C604C | AY70: -
A71: 멍애제 | B71: 3.0ML 125×75×3.0T 27.0㎏ | C71: EA | D71: 0.6583 | E71: =단가대비표!O127 -> 26000 | F71: =TRUNC(E71*D71,1) -> 17115.8 | G71: =단가대비표!P127 -> 0 | H71: =TRUNC(G71*D71,1) -> 0 | I71: =단가대비표!V127 -> 0 | J71: =TRUNC(I71*D71,1) -> 0 | K71: =TRUNC(E71+G71+I71,1) -> 26000 | L71: =TRUNC(F71+H71+J71,1) -> 17115.8 | M71: 금액제외 | O71: 5A41A3FB86559B3C7A85BF9940659DF35C604F | P71: F | Q71: F | R71: T | V71: 1 | AW71: 5D67A30E84875F15736AC6294AAEC55A41A3FB86559B3C7A85BF9940659DF35C604F | AY71: -
A72: 3개월손료 | B72: 주재료비의 6% | C72: 식 | D72: 1 | E72: =TRUNC(SUMIF(V68:V77, RIGHTB(O72, 1), F68:F77)*U72, 2) -> 18416.91 | F72: =TRUNC(E72*D72,1) -> 18416.9 | G72: 0 | H72: =TRUNC(G72*D72,1) -> 0 | I72: 0 | J72: =TRUNC(I72*D72,1) -> 0 | K72: =TRUNC(E72+G72+I72,1) -> 18416.9 | L72: =TRUNC(F72+H72+J72,1) -> 18416.9 | N72: 5D67A30E84875F15736AC6294AAEC5 | O72: 5C7E63118CEA69C67579EF09CA05001 | P72: F | Q72: F | R72: F | S72: 0 | T72: 0 | U72: 0.06 | AW72: 5D67A30E84875F15736AC6294AAEC55C7E63118CEA69C67579EF09CA45005
A73: 상하자키 | B73: L=600 5.0kg | C73: EA | D73: 2.2407 | E73: =단가대비표!O128 -> 13000 | F73: =TRUNC(E73*D73,1) -> 29129.1 | G73: =단가대비표!P128 -> 0 | H73: =TRUNC(G73*D73,1) -> 0 | I73: =단가대비표!V128 -> 0 | J73: =TRUNC(I73*D73,1) -> 0 | K73: =TRUNC(E73+G73+I73,1) -> 13000 | L73: =TRUNC(F73+H73+J73,1) -> 29129.1 | M73: 금액제외 | O73: 5A41A3FB86559B3C7A85BF9940659DF35C6048 | P73: F | Q73: F | R73: T | W73: 2 | AW73: 5D67A30E84875F15736AC6294AAEC55A41A3FB86559B3C7A85BF9940659DF35C6048 | AY73: -
A74: 하부자키 | B74: L=600 4.5kg | C74: EA | D74: 2.2407 | E74: =단가대비표!O129 -> 11000 | F74: =TRUNC(E74*D74,1) -> 24647.7 | G74: =단가대비표!P129 -> 0 | H74: =TRUNC(G74*D74,1) -> 0 | I74: =단가대비표!V129 -> 0 | J74: =TRUNC(I74*D74,1) -> 0 | K74: =TRUNC(E74+G74+I74,1) -> 11000 | L74: =TRUNC(F74+H74+J74,1) -> 24647.7 | M74: 금액제외 | O74: 5A41A3FB86559B3C7A85BF9940659DF35C6153 | P74: F | Q74: F | R74: T | W74: 2 | AW74: 5D67A30E84875F15736AC6294AAEC55A41A3FB86559B3C7A85BF9940659DF35C6153 | AY74: -
A75: 자키소켓 | B75: L=120 0.5kg | C75: EA | D75: 2.2407 | E75: =단가대비표!O130 -> 920 | F75: =TRUNC(E75*D75,1) -> 2061.4 | G75: =단가대비표!P130 -> 0 | H75: =TRUNC(G75*D75,1) -> 0 | I75: =단가대비표!V130 -> 0 | J75: =TRUNC(I75*D75,1) -> 0 | K75: =TRUNC(E75+G75+I75,1) -> 920 | L75: =TRUNC(F75+H75+J75,1) -> 2061.4 | M75: 금액제외 | O75: 5A41A3FB86559B3C7A85BF9940659DF35C6156 | P75: F | Q75: F | R75: T | W75: 2 | AW75: 5D67A30E84875F15736AC6294AAEC55A41A3FB86559B3C7A85BF9940659DF35C6156 | AY75: -
A76: 3개월손료 | B76: 주재료비의 9% | C76: 식 | D76: 1 | E76: =TRUNC(SUMIF(W68:W77, RIGHTB(O76, 1), F68:F77)*U76, 2) -> 5025.43 | F76: =TRUNC(E76*D76,1) -> 5025.4 | G76: 0 | H76: =TRUNC(G76*D76,1) -> 0 | I76: 0 | J76: =TRUNC(I76*D76,1) -> 0 | K76: =TRUNC(E76+G76+I76,1) -> 5025.4 | L76: =TRUNC(F76+H76+J76,1) -> 5025.4 | N76: 5D67A30E84875F15736AC6294AAEC5 | O76: 5C7E63118CEA69C67579EF09CA35002 | P76: F | Q76: F | R76: F | S76: 0 | T76: 0 | U76: 0.09 | AW76: 5D67A30E84875F15736AC6294AAEC55C7E63118CEA69C67579EF09CA75006
A77: 시스템동바리 설치 및 해체 | B77: 10m이하 - 조달자원 대체 | C77: 10공M3 | D77: 1 | E77: =일위대가목록!E289 -> 1532 | F77: =TRUNC(E77*D77,1) -> 1532 | G77: =일위대가목록!F289 -> 198509 | H77: =TRUNC(G77*D77,1) -> 198509 | I77: =일위대가목록!G289 -> 7139 | J77: =TRUNC(I77*D77,1) -> 7139 | K77: =TRUNC(E77+G77+I77,1) -> 207180 | L77: =TRUNC(F77+H77+J77,1) -> 207180 | M77: 호표 286 | N77: 5D67A30E84875F15736AC6294AAEC5 | O77: 5D67A30E84875F15736B5F3901C3B5 | P77: T | Q77: F | R77: F | AW77: 5D67A30E84875F15736AC6294AAEC55D67A30E84875F15736B5F3901C3B5
A78: [ 합 계 ] | F78: =TRUNC(SUMIF(N68:N77, N67, F68:F77),0) -> 24974 | H78: =TRUNC(SUMIF(N68:N77, N67, H68:H77),0) -> 198509 | J78: =TRUNC(SUMIF(N68:N77, N67, J68:J77),0) -> 7139 | L78: =F78+H78+J78 -> 230622 | N78: TOTAL | O78: TOTAL
A80: 강관동바리 설치 및 해체 3.5m 초과 ~ 4.2m 이하, 3개월 M2 ( 호표 10 ) | N80: 5D67A30E84875F047C78E3C985FDA5
A81: 건설용거푸집액세서리 | B81: 건설용거푸집액세서리, 파이프지주, 60.5, 4220mm | C81: 본 | D81: 0.084 | E81: =단가대비표!O253 -> 25228 | F81: =TRUNC(E81*D81,1) -> 2119.1 | G81: =단가대비표!P253 -> 0 | H81: =TRUNC(G81*D81,1) -> 0 | I81: =단가대비표!V253 -> 0 | J81: =TRUNC(I81*D81,1) -> 0 | K81: =TRUNC(E81+G81+I81,1) -> 25228 | L81: =TRUNC(F81+H81+J81,1) -> 2119.1 | N81: 5D67A30E84875F047C78E3C985FDA5 | O81: 5A41A3FB86C838BC7A5405098644CF3F530ABD | P81: F | Q81: F | R81: T | V81: 1 | AW81: 5D67A30E84875F047C78E3C985FDA55A41A3FB86C838BC7A5405098644CF3F530ABD
A82: 잡재료 | B82: 주재료비의 5% | C82: 식 | D82: 1 | E82: =TRUNC(SUMIF(V81:V84, RIGHTB(O82, 1), F81:F84)*U82, 2) -> 105.95 | F82: =TRUNC(E82*D82,1) -> 105.9 | G82: 0 | H82: =TRUNC(G82*D82,1) -> 0 | I82: 0 | J82: =TRUNC(I82*D82,1) -> 0 | K82: =TRUNC(E82+G82+I82,1) -> 105.9 | L82: =TRUNC(F82+H82+J82,1) -> 105.9 | N82: 5D67A30E84875F047C78E3C985FDA5 | O82: 5C7E63118CEA69C67579EF09CA05001 | P82: F | Q82: F | R82: F | S82: 0 | T82: 0 | U82: 0.05 | AW82: 5D67A30E84875F047C78E3C985FDA55C7E63118CEA69C67579EF09CA05001
A83: 형틀목공 | B83: 일반공사 직종 | C83: 인 | D83: 0.06 | E83: =단가대비표!O349 -> 0 | F83: =TRUNC(E83*D83,1) -> 0 | G83: =단가대비표!P349 -> 272831 | H83: =TRUNC(G83*D83,1) -> 16369.8 | I83: =단가대비표!V349 -> 0 | J83: =TRUNC(I83*D83,1) -> 0 | K83: =TRUNC(E83+G83+I83,1) -> 272831 | L83: =TRUNC(F83+H83+J83,1) -> 16369.8 | N83: 5D67A30E84875F047C78E3C985FDA5 | O83: 5DB8D30C8038A72278932A09A6AE3B2D50A069 | P83: F | Q83: F | R83: T | AW83: 5D67A30E84875F047C78E3C985FDA55DB8D30C8038A72278932A09A6AE3B2D50A069
A84: 보통인부 | B84: 일반공사 직종 | C84: 인 | D84: 0.01 | E84: =단가대비표!O345 -> 0 | F84: =TRUNC(E84*D84,1) -> 0 | G84: =단가대비표!P345 -> 169804 | H84: =TRUNC(G84*D84,1) -> 1698 | I84: =단가대비표!V345 -> 0 | J84: =TRUNC(I84*D84,1) -> 0 | K84: =TRUNC(E84+G84+I84,1) -> 169804 | L84: =TRUNC(F84+H84+J84,1) -> 1698 | N84: 5D67A30E84875F047C78E3C985FDA5 | O84: 5DB8D30C8038A72278932A09A6AE3B2D50A06C | P84: F | Q84: F | R84: T | AW84: 5D67A30E84875F047C78E3C985FDA55DB8D30C8038A72278932A09A6AE3B2D50A06C
A85: [ 합 계 ] | F85: =TRUNC(SUMIF(N81:N84, N80, F81:F84),0) -> 2225 | H85: =TRUNC(SUMIF(N81:N84, N80, H81:H84),0) -> 18067 | J85: =TRUNC(SUMIF(N81:N84, N80, J81:J84),0) -> 0 | L85: =F85+H85+J85 -> 20292 | N85: TOTAL | O85: TOTAL
A87: 시스템비계 설치 및 해체 9개월,10m 이하,발판포함(외부용) M2 ( 호표 11 ) | N87: 5D67A30E8487699E737D6F99FDD6C5
A88: 시스템비계 | B88: 재료비, 9개월 | C88: M2 | D88: 1 | E88: =일위대가목록!E291 -> 4681 | F88: =TRUNC(E88*D88,1) -> 4681 | G88: =일위대가목록!F291 -> 0 | H88: =TRUNC(G88*D88,1) -> 0 | I88: =일위대가목록!G291 -> 0 | J88: =TRUNC(I88*D88,1) -> 0 | K88: =TRUNC(E88+G88+I88,1) -> 4681 | L88: =TRUNC(F88+H88+J88,1) -> 4681 | M88: 호표 288 | N88: 5D67A30E8487699E737D6F99FDD6C5 | O88: 5D67A30E8487699E737D1E9944EF45 | P88: T | Q88: F | R88: F | AW88: 5D67A30E8487699E737D6F99FDD6C55D67A30E8487699E737D1E9944EF45
A89: 시스템비계 설치 및 해체 | B89: 10m 이하 | C89: M2 | D89: 1 | E89: =일위대가목록!E292 -> 0 | F89: =TRUNC(E89*D89,1) -> 0 | G89: =일위대가목록!F292 -> 12875 | H89: =TRUNC(G89*D89,1) -> 12875 | I89: =일위대가목록!G292 -> 0 | J89: =TRUNC(I89*D89,1) -> 0 | K89: =TRUNC(E89+G89+I89,1) -> 12875 | L89: =TRUNC(F89+H89+J89,1) -> 12875 | M89: 호표 289 | N89: 5D67A30E8487699E737D6F99FDD6C5 | O89: 5D67A30E8487699E737F1C69B364D5 | P89: T | Q89: F | R89: F | AW89: 5D67A30E8487699E737D6F99FDD6C55D67A30E8487699E737F1C69B364D5
A90: [ 합 계 ] | F90: =TRUNC(SUMIF(N88:N89, N87, F88:F89),0) -> 4681 | H90: =TRUNC(SUMIF(N88:N89, N87, H88:H89),0) -> 12875 | J90: =TRUNC(SUMIF(N88:N89, N87, J88:J89),0) -> 0 | L90: =F90+H90+J90 -> 17556 | N90: TOTAL | O90: TOTAL
A92: 시스템비계 설치 및 해체 9개월,10m 초과~20m 이하,발판포함(외부용) M2 ( 호표 12 ) | N92: 5D67A30E8487699E737D6F99FDE725
A93: 시스템비계 | B93: 재료비, 9개월 | C93: M2 | D93: 1 | E93: =일위대가목록!E291 -> 4681 | F93: =TRUNC(E93*D93,1) -> 4681 | G93: =일위대가목록!F291 -> 0 | H93: =TRUNC(G93*D93,1) -> 0 | I93: =일위대가목록!G291 -> 0 | J93: =TRUNC(I93*D93,1) -> 0 | K93: =TRUNC(E93+G93+I93,1) -> 4681 | L93: =TRUNC(F93+H93+J93,1) -> 4681 | M93: 호표 288 | N93: 5D67A30E8487699E737D6F99FDE725 | O93: 5D67A30E8487699E737D1E9944EF45 | P93: T | Q93: F | R93: F | AW93: 5D67A30E8487699E737D6F99FDE7255D67A30E8487699E737D1E9944EF45
A94: 시스템비계 설치 및 해체 | B94: 10m 초과~20m 이하 | C94: M2 | D94: 1 | E94: =일위대가목록!E293 -> 0 | F94: =TRUNC(E94*D94,1) -> 0 | G94: =일위대가목록!F293 -> 15669 | H94: =TRUNC(G94*D94,1) -> 15669 | I94: =일위대가목록!G293 -> 0 | J94: =TRUNC(I94*D94,1) -> 0 | K94: =TRUNC(E94+G94+I94,1) -> 15669 | L94: =TRUNC(F94+H94+J94,1) -> 15669 | M94: 호표 290 | N94: 5D67A30E8487699E737D6F99FDE725 | O94: 5D67A30E8487699E737C4889C16135 | P94: T | Q94: F | R94: F | AW94: 5D67A30E8487699E737D6F99FDE7255D67A30E8487699E737C4889C16135
A95: [ 합 계 ] | F95: =TRUNC(SUMIF(N93:N94, N92, F93:F94),0) -> 4681 | H95: =TRUNC(SUMIF(N93:N94, N92, H93:H94),0) -> 15669 | J95: =TRUNC(SUMIF(N93:N94, N92, J93:J94),0) -> 0 | L95: =F95+H95+J95 -> 20350 | N95: TOTAL | O95: TOTAL
A97: 건축물 현장정리 철근콘크리트조, 철골·철근콘크리트조 M2 ( 호표 13 ) | N97: 5D67A30B8F6E33F27A0DA909B21E95
A98: 보통인부 | B98: 일반공사 직종 | C98: 인 | D98: 0.13 | E98: =단가대비표!O345 -> 0 | F98: =TRUNC(E98*D98,1) -> 0 | G98: =단가대비표!P345 -> 169804 | H98: =TRUNC(G98*D98,1) -> 22074.5 | I98: =단가대비표!V345 -> 0 | J98: =TRUNC(I98*D98,1) -> 0 | K98: =TRUNC(E98+G98+I98,1) -> 169804 | L98: =TRUNC(F98+H98+J98,1) -> 22074.5 | N98: 5D67A30B8F6E33F27A0DA909B21E95 | O98: 5DB8D30C8038A72278932A09A6AE3B2D50A06C | P98: F | Q98: F | R98: T | AW98: 5D67A30B8F6E33F27A0DA909B21E955DB8D30C8038A72278932A09A6AE3B2D50A06C
A99: [ 합 계 ] | F99: =TRUNC(SUMIF(N98:N98, N97, F98:F98),0) -> 0 | H99: =TRUNC(SUMIF(N98:N98, N97, H98:H98),0) -> 22074 | J99: =TRUNC(SUMIF(N98:N98, N97, J98:J98),0) -> 0 | L99: =F99+H99+J99 -> 22074 | N99: TOTAL | O99: TOTAL
A101: 구조부 먹매김 일반 M2 ( 호표 14 ) | N101: 5D67A30B8F5DF836746C46D9926C25
A102: 건축목공 | B102: 일반공사 직종 | C102: 인 | D102: 0.005 | E102: =단가대비표!O359 -> 0 | F102: =TRUNC(E102*D102,1) -> 0 | G102: =단가대비표!P359 -> 277894 | H102: =TRUNC(G102*D102,1) -> 1389.4 | I102: =단가대비표!V359 -> 0 | J102: =TRUNC(I102*D102,1) -> 0 | K102: =TRUNC(E102+G102+I102,1) -> 277894 | L102: =TRUNC(F102+H102+J102,1) -> 1389.4 | N102: 5D67A30B8F5DF836746C46D9926C25 | O102: 5DB8D30C8038A72278932A09A6AE3B2D50A21F | P102: F | Q102: F | R102: T | AW102: 5D67A30B8F5DF836746C46D9926C255DB8D30C8038A72278932A09A6AE3B2D50A21F
A103: [ 합 계 ] | F103: =TRUNC(SUMIF(N102:N102, N101, F102:F102),0) -> 0 | H103: =TRUNC(SUMIF(N102:N102, N101, H102:H102),0) -> 1389 | J103: =TRUNC(SUMIF(N102:N102, N101, J102:J102),0) -> 0 | L103: =F103+H103+J103 -> 1389 | N103: TOTAL | O103: TOTAL
A105: 거푸집 먹매김 일반 M2 ( 호표 15 ) | N105: 5D67A30B8F5DF836746E74D95463D5
A106: 건축목공 | B106: 일반공사 직종 | C106: 인 | D106: 0.012 | E106: =단가대비표!O359 -> 0 | F106: =TRUNC(E106*D106,1) -> 0 | G106: =단가대비표!P359 -> 277894 | H106: =TRUNC(G106*D106,1) -> 3334.7 | I106: =단가대비표!V359 -> 0 | J106: =TRUNC(I106*D106,1) -> 0 | K106: =TRUNC(E106+G106+I106,1) -> 277894 | L106: =TRUNC(F106+H106+J106,1) -> 3334.7 | N106: 5D67A30B8F5DF836746E74D95463D5 | O106: 5DB8D30C8038A72278932A09A6AE3B2D50A21F | P106: F | Q106: F | R106: T | AW106: 5D67A30B8F5DF836746E74D95463D55DB8D30C8038A72278932A09A6AE3B2D50A21F
A107: [ 합 계 ] | F107: =TRUNC(SUMIF(N106:N106, N105, F106:F106),0) -> 0 | H107: =TRUNC(SUMIF(N106:N106, N105, H106:H106),0) -> 3334 | J107: =TRUNC(SUMIF(N106:N106, N105, J106:J106),0) -> 0 | L107: =F107+H107+J107 -> 3334 | N107: TOTAL | O107: TOTAL
A109: 건축물보양 보양지 붙이기 M2 ( 호표 16 ) | N109: 5D67A30B8F5DF8097191C5D9FA5165
A110: 공통자재 | B110: 하드롱지 | C110: M2 | D110: 1.2 | E110: =단가대비표!O63 -> 408.35 | F110: =TRUNC(E110*D110,1) -> 490 | G110: =단가대비표!P63 -> 0 | H110: =TRUNC(G110*D110,1) -> 0 | I110: =단가대비표!V63 -> 0 | J110: =TRUNC(I110*D110,1) -> 0 | K110: =TRUNC(E110+G110+I110,1) -> 408.3 | L110: =TRUNC(F110+H110+J110,1) -> 490 | N110: 5D67A30B8F5DF8097191C5D9FA5165 | O110: 5A5253468A1DF0EB79A39999D6740D3C5FD5CC | P110: F | Q110: F | R110: T | AW110: 5D67A30B8F5DF8097191C5D9FA51655A5253468A1DF0EB79A39999D6740D3C5FD5CC
A111: 합성풀 | B111: 합성풀, 건설용 | C111: kg | D111: 0.06 | E111: =단가대비표!O298 -> 9376 | F111: =TRUNC(E111*D111,1) -> 562.5 | G111: =단가대비표!P298 -> 0 | H111: =TRUNC(G111*D111,1) -> 0 | I111: =단가대비표!V298 -> 0 | J111: =TRUNC(I111*D111,1) -> 0 | K111: =TRUNC(E111+G111+I111,1) -> 9376 | L111: =TRUNC(F111+H111+J111,1) -> 562.5 | N111: 5D67A30B8F5DF8097191C5D9FA5165 | O111: 5A41B3838DE6309D73104F59158B45395FA858 | P111: F | Q111: F | R111: T | AW111: 5D67A30B8F5DF8097191C5D9FA51655A41B3838DE6309D73104F59158B45395FA858
A112: 보통인부 | B112: 일반공사 직종 | C112: 인 | D112: 0.01 | E112: =단가대비표!O345 -> 0 | F112: =TRUNC(E112*D112,1) -> 0 | G112: =단가대비표!P345 -> 169804 | H112: =TRUNC(G112*D112,1) -> 1698 | I112: =단가대비표!V345 -> 0 | J112: =TRUNC(I112*D112,1) -> 0 | K112: =TRUNC(E112+G112+I112,1) -> 169804 | L112: =TRUNC(F112+H112+J112,1) -> 1698 | N112: 5D67A30B8F5DF8097191C5D9FA5165 | O112: 5DB8D30C8038A72278932A09A6AE3B2D50A06C | P112: F | Q112: F | R112: T | AW112: 5D67A30B8F5DF8097191C5D9FA51655DB8D30C8038A72278932A09A6AE3B2D50A06C
A113: [ 합 계 ] | F113: =TRUNC(SUMIF(N110:N112, N109, F110:F112),0) -> 1052 | H113: =TRUNC(SUMIF(N110:N112, N109, H110:H112),0) -> 1698 | J113: =TRUNC(SUMIF(N110:N112, N109, J110:J112),0) -> 0 | L113: =F113+H113+J113 -> 2750 | N113: TOTAL | O113: TOTAL
A115: 건축물보양 - 콘크리트 살수 M2 ( 호표 17 ) | N115: 5D67A30B8F5DF809708BF979B27C75
A116: 보통인부 | B116: 일반공사 직종 | C116: 인 | D116: 0.004 | E116: =단가대비표!O345 -> 0 | F116: =TRUNC(E116*D116,1) -> 0 | G116: =단가대비표!P345 -> 169804 | H116: =TRUNC(G116*D116,1) -> 679.2 | I116: =단가대비표!V345 -> 0 | J116: =TRUNC(I116*D116,1) -> 0 | K116: =TRUNC(E116+G116+I116,1) -> 169804 | L116: =TRUNC(F116+H116+J116,1) -> 679.2 | N116: 5D67A30B8F5DF809708BF979B27C75 | O116: 5DB8D30C8038A72278932A09A6AE3B2D50A06C | P116: F | Q116: F | R116: T | AW116: 5D67A30B8F5DF809708BF979B27C755DB8D30C8038A72278932A09A6AE3B2D50A06C
...

Sheet 중기단가목록
B1: 중 기 단 가 목 록
B2: [ 대화면도시재생사업청학당조성공사기본및실시설 ]
A3: 코 드 | B3: 품 명 | C3: 규 격 | D3: 단위 | E3: 재 료 비 | F3: 노 무 비 | G3: 경 비 | H3: 합 계 | I3: 번 호 | J3: 비 고 | K3: START | L3: 품셈개요
A4: 5D42A3EB8EC151C974759DF9BEDEB5 | B4: 터파기/토사 | C4: 보통, 굴착기 0.7m3 90%, 인력10% | D4: M3 | E4: =중기단가산출서!B29 -> 298 | F4: =중기단가산출서!C29 -> 7024 | G4: =중기단가산출서!D29 -> 366 | H4: =중기단가산출서!E29 -> 7688 | I4: 산근 1 | K4: 5D42A3EB8EC151C974759DF9BEDEB5 | L4: 공통 8-2-3
A5: 5D42A3E881AA56D776DB859943E995 | B5: 토사 운반/단지외 30km | C5: 보통, 덤프 24ton+굴삭기 0.7m3(고르기 별도) | D5: M3 | E5: =중기단가산출서!B77 -> 6884 | F5: =중기단가산출서!C77 -> 8971 | G5: =중기단가산출서!D77 -> 5159 | H5: =중기단가산출서!E77 -> 21014 | I5: 산근 2 | K5: 5D42A3E881AA56D776DB859943E995
A6: 5D66F3248C0C9BC97BFD4FB939B045 | B6: 철근 하차비 | C6: 지게차 | D6: TON | E6: =중기단가산출서!B101 -> 0 | F6: =중기단가산출서!C101 -> 0 | G6: =중기단가산출서!D101 -> 6730 | H6: =중기단가산출서!E101 -> 6730 | I6: 산근 3 | K6: 5D66F3248C0C9BC97BFD4FB939B045
A7: 5D66F3248C1D0AF7776C4E39BD2A05 | B7: 관급자재관리비 | C7: 시멘트 | D7: 포 | E7: =중기단가산출서!B116 -> 0 | F7: =중기단가산출서!C116 -> 0 | G7: =중기단가산출서!D116 -> 340 | H7: =중기단가산출서!E116 -> 340 | I7: 산근 4 | K7: 5D66F3248C1D0AF7776C4E39BD2A05
A8: 5D66F3248C778EBA78767719044215 | B8: 시멘트운반 | C8: L:30km, 덤프 8ton | D8: 포 | E8: =중기단가산출서!B187 -> 0 | F8: =중기단가산출서!C187 -> 0 | G8: =중기단가산출서!D187 -> 1907 | H8: =중기단가산출서!E187 -> 1907 | I8: 산근 5 | K8: 5D66F3248C778EBA78767719044215 | L8: 공통 8-2-8
A9: 5D66F3248C0C9BC9782910A9E48F05 | B9: 운반비(트레일러 20ton+크레인 10ton) | C9: 철골, L:30km | D9: TON | E9: =중기단가산출서!B245 -> 0 | F9: =중기단가산출서!C245 -> 0 | G9: =중기단가산출서!D245 -> 15346 | H9: =중기단가산출서!E245 -> 15346 | I9: 산근 6 | K9: 5D66F3248C0C9BC9782910A9E48F05
A10: 5D66F3248C0C9BC9782912599505A5 | B10: 운반비(트레일러 20ton+크레인 10ton)<공장->가공장> | C10: 철근, L:10km | D10: TON | E10: =중기단가산출서!B303 -> 0 | F10: =중기단가산출서!C303 -> 0 | G10: =중기단가산출서!D303 -> 10938 | H10: =중기단가산출서!E303 -> 10938 | I10: 산근 7 | K10: 5D66F3248C0C9BC9782912599505A5
A11: 5D66F3248C0C9BC978291259DCE375 | B11: 운반비(트레일러 20ton+크레인 10ton)<가공장->현장> | C11: 철근, L:200km | D11: TON | E11: =중기단가산출서!B359 -> 0 | F11: =중기단가산출서!C359 -> 0 | G11: =중기단가산출서!D359 -> 60719 | H11: =중기단가산출서!E359 -> 60719 | I11: 산근 8 | K11: 5D66F3248C0C9BC978291259DCE375
A12: 5D42A3EB8EC151C974759DF9BEF995 | B12: 터파기/토사 | C12: 보통, 굴착기 0.7m3 | D12: M3 | E12: =중기단가산출서!B377 -> 331 | F12: =중기단가산출서!C377 -> 967 | G12: =중기단가산출서!D377 -> 407 | H12: =중기단가산출서!E377 -> 1705 | I12: 산근 9 | K12: 5D42A3EB8EC151C974759DF9BEF995 | L12: 공통 8-2-3
A13: 5D42A3E881AA56D776DB85E953E045 | B13: 토사 운반/단지외 10km | C13: 보통, 덤프 15ton+굴착기 0.7m3(고르기 별도) | D13: M3 | E13: =중기단가산출서!B426 -> 3014 | F13: =중기단가산출서!C426 -> 5683 | G13: =중기단가산출서!D426 -> 2061 | H13: =중기단가산출서!E426 -> 10758 | I13: 산근 10 | K13: 5D42A3E881AA56D776DB85E953E045 | L13: 공통 8-2-8
A14: 5D42A3E787067FEB763BAE099F6E25 | B14: 토사 운반/단지내 50m | C14: 보통, 덤프 15ton(적재 굴착기 0.7m3) | D14: M3 | E14: =중기단가산출서!B463 -> 535 | F14: =중기단가산출서!C463 -> 1010 | G14: =중기단가산출서!D463 -> 366 | H14: =중기단가산출서!E463 -> 1911 | I14: 산근 11 | K14: 5D42A3E787067FEB763BAE099F6E25 | L14: 공통 8-2-8

Sheet 중기단가산출서
A1: 중 기 단 가 산 출 서
A2: [ 대화면도시재생사업청학당조성공사기본및실시설 ]
A3: 산 출 내 역 | B3: 재 료 비 | C3: 노 무 비 | D3: 경 비 | E3: 합 계 | F3: 비 고 | G3: START | H3: 코드 | I3: 품명 | J3: 규격 | K3: 단위 | L3: 수량 | M3: 변수 | N3: 값 | O3: 소계 | P3: 소계 | Q3: 소계 | R3: 소계 | S3: 소계 | T3: 총계
A4: 터파기/토사 보통, 굴착기 0.7m3 90%, 인력10% M3 ( 산근 1 ) | G4: 5D42A3EB8EC151C974759DF9BEDEB5 | I4: 터파기/토사 | J4: 보통, 굴착기 0.7m3 90%, 인력10% | K4: M3
G5: 5D42A3EB8EC151C974759DF9BEDEB5 | H5: C | L5: 1
A6: 굴삭기(무한궤도),0.7㎥90%+인력10% M3 | B6: 0 | C6: 0 | D6: 0 | E6: 0 | G6: 5D42A3EB8EC151C974759DF9BEDEB5 | H6: C! | I6: '굴삭기(무한궤도),0.7㎥90%+인력10% M3'
B7: 0 | C7: 0 | D7: 0 | E7: 0 | G7: 5D42A3EB8EC151C974759DF9BEDEB5 | H7: C!
A8: Q1 바켓용량(M3) =0.70 | B8: 0 | C8: 0 | D8: 0 | E8: 0 | G8: 5D42A3EB8EC151C974759DF9BEDEB5 | H8: C! | I8: q1 '바켓용량(M3)' =0.70
A9: K 바켓계수(양호1.1,보통0.90,불량0.70,파쇄암0.55) = 0.90 | B9: 0 | C9: 0 | D9: 0 | E9: 0 | G9: 5D42A3EB8EC151C974759DF9BEDEB5 | H9: C! | I9: k '바켓계수(양호1.1,보통0.90,불량0.70,파쇄암0.55)'= 0.90
A10: F 토량환산계수(1/L) = 1/1.25= 0.8 | B10: 0 | C10: 0 | D10: 0 | E10: 0 | G10: 5D42A3EB8EC151C974759DF9BEDEB5 | H10: C! | I10: f '토량환산계수(1/L)'= 1/1.25=?
A11: E1 터파기에 대하여 -0.05 =0.05 | B11: 0 | C11: 0 | D11: 0 | E11: 0 | G11: 5D42A3EB8EC151C974759DF9BEDEB5 | H11: C! | I11: E1 '터파기에 대하여 -0.05'=0.05
A12: E 작업효율사질토(양호0.85,보통0.70,불량0.55) = 0.70-E1= 0.65 | B12: 0 | C12: 0 | D12: 0 | E12: 0 | G12: 5D42A3EB8EC151C974759DF9BEDEB5 | H12: C! | I12: E '작업효율사질토(양호0.85,보통0.70,불량0.55)'= 0.70-E1=?
A13: CM 1회 싸이클시간(135˚SEC) =20 | B13: 0 | C13: 0 | D13: 0 | E13: 0 | G13: 5D42A3EB8EC151C974759DF9BEDEB5 | H13: C! | I13: Cm '1회 싸이클시간(135˚SEC)'=20
A14: Q 시간당 작업량 (M3/HR) = 3600*Q1*K*F*E/CM/0.9= 65.52 | B14: 0 | C14: 0 | D14: 0 | E14: 0 | G14: 5D42A3EB8EC151C974759DF9BEDEB5 | H14: C! | I14: Q '시간당 작업량 (M3/Hr)'= 3600*q1*k*f*E/Cm/0.9=?
B15: 0 | C15: 0 | D15: 0 | E15: 0 | G15: 5D42A3EB8EC151C974759DF9BEDEB5 | H15: C!
A16: 재료비: 19529 / 65.52 = 298 | B16: 298 | C16: 0 | D16: 0 | E16: 298 | G16: 5D42A3EB8EC151C974759DF9BEDEB5 | H16: C! | I16: '재료비:' ~00000201007000000.M~ / {Q} =?MA+
A17: 노무비: 57077 / 65.52 = 871.1 | B17: 0 | C17: 871.1 | D17: 0 | E17: 871.1 | G17: 5D42A3EB8EC151C974759DF9BEDEB5 | H17: C! | I17: '노무비:' ~00000201007000000.L~ / {Q} =?LA+
A18: 경 비: 24001 / 65.52 = 366.3 | B18: 0 | C18: 0 | D18: 366.3 | E18: 366.3 | G18: 5D42A3EB8EC151C974759DF9BEDEB5 | H18: C! | I18: '경 비:' ~00000201007000000.E~ / {Q} =?EQ+
A19: 소 계 | B19: 298 | C19: 871.1 | D19: 366.3 | E19: 1535.4 | G19: 5D42A3EB8EC151C974759DF9BEDEB5 | H19: C! | I19: >'소 계'
B20: 0 | C20: 0 | D20: 0 | E20: 0 | G20: 5D42A3EB8EC151C974759DF9BEDEB5 | H20: C!
A21: 인력터파기,0-1m,10% | B21: 0 | C21: 0 | D21: 0 | E21: 0 | G21: 5D42A3EB8EC151C974759DF9BEDEB5 | H21: C! | I21: '인력터파기,0-1m,10%'
A22: 품셈(공통 3-2-1) | B22: 0 | C22: 0 | D22: 0 | E22: 0 | G22: 5D42A3EB8EC151C974759DF9BEDEB5 | H22: C! | I22: '품셈(공통 3-2-1)'
A23: Q1 1일시공량(M3/일) =3.6 | B23: 0 | C23: 0 | D23: 0 | E23: 0 | G23: 5D42A3EB8EC151C974759DF9BEDEB5 | H23: C! | I23: q1'1일시공량(M3/일)' =3.6
A24: Q 시간당 작업량(M3/HR) =Q1/8/0.1= 4.5 | B24: 0 | C24: 0 | D24: 0 | E24: 0 | G24: 5D42A3EB8EC151C974759DF9BEDEB5 | H24: C! | I24: Q '시간당 작업량(M3/HR)' =q1/8/0.1=?
B25: 0 | C25: 0 | D25: 0 | E25: 0 | G25: 5D42A3EB8EC151C974759DF9BEDEB5 | H25: C!
A26: 특별인부 1인/8HR*작업시간 | B26: 0 | C26: 0 | D26: 0 | E26: 0 | G26: 5D42A3EB8EC151C974759DF9BEDEB5 | H26: C! | I26: '특별인부 1인/8HR*작업시간
A27: 노무비: 221506*1/8/4.5 = 6152.9 | B27: 0 | C27: 6152.9 | D27: 0 | E27: 6152.9 | G27: 5D42A3EB8EC151C974759DF9BEDEB5 | H27: C! | I27: '노무비:' ~L001010101000003.L~*1/8/{Q} =?LA+
A28: 소 계 | B28: 0 | C28: 6152.9 | D28: 0 | E28: 6152.9 | G28: 5D42A3EB8EC151C974759DF9BEDEB5 | H28: C! | I28: >'소 계'
A29: 총 계 | B29: 298 | C29: 7024 | D29: 366 | E29: 7688
A31: 토사 운반/단지외 30km 보통, 덤프 24ton+굴삭기 0.7m3(고르기 별도) M3 ( 산근 2 ) | G31: 5D42A3E881AA56D776DB859943E995 | I31: 토사 운반/단지외 30km | J31: 보통, 덤프 24ton+굴삭기 0.7m3(고르기 별도) | K31: M3
G32: 5D42A3E881AA56D776DB859943E995 | H32: C | K32: M3 | L32: 1
A33: 운반거리 L=30KN,(적재,고르기별도) M3 | B33: 0 | C33: 0 | D33: 0 | E33: 0 | G33: 5D42A3E881AA56D776DB859943E995 | H33: C! | I33: '운반거리 L=30KN,(적재,고르기별도) M3'
A34: 차량속도= 30KM/V1,35KM/V2,35KM/V3,35KM/V4,30KM/V5,35KM/V6 | B34: 0 | C34: 0 | D34: 0 | E34: 0 | G34: 5D42A3E881AA56D776DB859943E995 | H34: C! | I34: '차량속도= 30KM/V1,35KM/V2,35KM/V3,35KM/V4,30KM/V5,35KM/V6 '
A35: ○------------------0------------0----------------○10KM | B35: 0 | C35: 0 | D35: 0 | E35: 0 | G35: 5D42A3E881AA56D776DB859943E995 | H35: C! | I35: ' ○------------------0------------0----------------○10KM '
A36: 운반거리=단지대L1=0.5KM,시내외L2=9.0KM,사토장L3=0.5KM | B36: 0 | C36: 0 | D36: 0 | E36: 0 | G36: 5D42A3E881AA56D776DB859943E995 | H36: C! | I36: '운반거리=단지대L1=0.5KM,시내외L2=9.0KM,사토장L3=0.5KM'
B37: 0 | C37: 0 | D37: 0 | E37: 0 | G37: 5D42A3E881AA56D776DB859943E995 | H37: C!
A38: 1.덤프트럭,15톤 | B38: 0 | C38: 0 | D38: 0 | E38: 0 | G38: 5D42A3E881AA56D776DB859943E995 | H38: C! | I38: '1.덤프트럭,15톤'
A39: T 적재용량(톤) =24 | B39: 0 | C39: 0 | D39: 0 | E39: 0 | G39: 5D42A3E881AA56D776DB859943E995 | H39: C! | I39: T '적재용량(톤)' =24
A40: R1 토석의 단위중량(톤) =1.7 | B40: 0 | C40: 0 | D40: 0 | E40: 0 | G40: 5D42A3E881AA56D776DB859943E995 | H40: C! | I40: r1 '토석의 단위중량(톤)' =1.7
A41: L 토량 변화율 =1.25 | B41: 0 | C41: 0 | D41: 0 | E41: 0 | G41: 5D42A3E881AA56D776DB859943E995 | H41: C! | I41: L '토량 변화율' =1.25
A42: Q1 1회 적재량(M3) =T/R1*L= 17.6471 | B42: 0 | C42: 0 | D42: 0 | E42: 0 | G42: 5D42A3E881AA56D776DB859943E995 | H42: C! | I42: q1 '1회 적재량(M3)' =T/r1*L=?
A43: F 토량 환산계수(1/L) =1/L= 0.8 | B43: 0 | C43: 0 | D43: 0 | E43: 0 | G43: 5D42A3E881AA56D776DB859943E995 | H43: C! | I43: f '토량 환산계수(1/L)' =1/L=?
A44: E 작업효율 =0.9 | B44: 0 | C44: 0 | D44: 0 | E44: 0 | G44: 5D42A3E881AA56D776DB859943E995 | H44: C! | I44: E '작업효율' =0.9
A45: CMS 적재기계 1회 싸이클시간(SEC) =20 | B45: 0 | C45: 0 | D45: 0 | E45: 0 | G45: 5D42A3E881AA56D776DB859943E995 | H45: C! | I45: Cms '적재기계 1회 싸이클시간(SEC)' =20
A46: V1 단지내적재운반속도(KM/HR) =15 | B46: 0 | C46: 0 | D46: 0 | E46: 0 | G46: 5D42A3E881AA56D776DB859943E995 | H46: C! | I46: V1 '단지내적재운반속도(KM/HR)' =15
A47: V2 단지내공차운반속도(KM/HR) =20 | B47: 0 | C47: 0 | D47: 0 | E47: 0 | G47: 5D42A3E881AA56D776DB859943E995 | H47: C! | I47: V2 '단지내공차운반속도(KM/HR)' =20
A48: V3 시내외포장적재운반속도(KM/HR) =35 | B48: 0 | C48: 0 | D48: 0 | E48: 0 | G48: 5D42A3E881AA56D776DB859943E995 | H48: C! | I48: V3 '시내외포장적재운반속도(KM/HR)' =35
A49: V4 시내외포장공차운반속도(KM/HR) =35 | B49: 0 | C49: 0 | D49: 0 | E49: 0 | G49: 5D42A3E881AA56D776DB859943E995 | H49: C! | I49: V4 '시내외포장공차운반속도(KM/HR)' =35
... A54: L3 사토장비포장(KM) =0.5 | B54: 0 | C54: 0 | D54: 0 | E54: 0 | G54: 5D42A3E881AA56D776DB859943E995 | H54: C! | I54: L3 '사토장비포장(KM)' =0.5
B55: 0 | C55: 0 | D55: 0 | E55: 0 | G55: 5D42A3E881AA56D776DB859943E995 | H55: C!
A56: T2 왕복시간(MIN) =((L1/V1)+(L1/V2)+(L2/V3)+(L2/V4)+(L3/V5)+(L3/V6))*60= 106.4286 | B56: 0 | C56: 0 | D56: 0 | E56: 0 | G56: 5D42A3E881AA56D776DB859943E995 | H56: C! | I56: t2 '왕복시간(MIN)' =((L1/V1)+(L1/V2)+(L2/V3)+(L2/V4)+(L3/V5)+(L3/V6))*60=?
A57: T3 적하시간(MIN)양호0.5,보통0.8,불량1.1 =0.8 | B57: 0 | C57: 0 | D57: 0 | E57: 0 | G57: 5D42A3E881AA56D776DB859943E995 | H57: C! | I57: t3 '적하시간(MIN)양호0.5,보통0.8,불량1.1'=0.8
A58: T4 적재대기(MIN)양호0.15,보통0.42,불량0.7 =0.42 | B58: 0 | C58: 0 | D58: 0 | E58: 0 | G58: 5D42A3E881AA56D776DB859943E995 | H58: C! | I58: t4 '적재대기(MIN)양호0.15,보통0.42,불량0.7 '=0.42
A59: T5 적재합자동덮개설치및해체(MIN) =0.5 | B59: 0 | C59: 0 | D59: 0 | E59: 0 | G59: 5D42A3E881AA56D776DB859943E995 | H59: C! | I59: t5 '적재합자동덮개설치및해체(MIN)' =0.5
A60: T6 세륜시간 (MIN) =1.5 | B60: 0 | C60: 0 | D60: 0 | E60: 0 | G60: 5D42A3E881AA56D776DB859943E995 | H60: C! | I60: t6 '세륜시간 (MIN)' =1.5
B61: 0 | C61: 0 | D61: 0 | E61: 0 | G61: 5D42A3E881AA56D776DB859943E995 | H61: C!
A62: k 백호바켓계수 =1.1 | B62: 0 | C62: 0 | D62: 0 | E62: 0 | G62: 5D42A3E881AA56D776DB859943E995 | H62: C! | I62: k '백호바켓계수' =1.1
A63: ES 작업효율(양호0.9,보통0.75,불량0.6) = 0.75 | B63: 0 | C63: 0 | D63: 0 | E63: 0 | G63: 5D42A3E881AA56D776DB859943E995 | H63: C! | I63: Es '작업효율(양호0.9,보통0.75,불량0.6)'= 0.75
A64: N 덤프트럭 소요 백호 적재회수 =Q1/(0.7*K)= 22.92 | B64: 0 | C64: 0 | D64: 0 | E64: 0 | G64: 5D42A3E881AA56D776DB859943E995 | H64: C! | I64: n '덤프트럭 소요 백호 적재회수' =q1/(0.7*k)=?
A65: CM 1회 싸이클 시간(MIN) =CMS*N/(60*ES)+T2+T3+T4+T5+T6= 119.835 | B65: 0 | C65: 0 | D65: 0 | E65: 0 | G65: 5D42A3E881AA56D776DB859943E995 | H65: C! | I65: Cm '1회 싸이클 시간(MIN)' =Cms*n/(60*Es)+t2+t3+t4+t5+t6=?
A66: Q 시간당 작업량(M3/HR) =60*Q1*F*E/CM= 6.362 | B66: 0 | C66: 0 | D66: 0 | E66: 0 | G66: 5D42A3E881AA56D776DB859943E995 | H66: C! | I66: Q '시간당 작업량(M3/HR)' =60*q1*f*E/Cm=?
A67: 재료비: 43801 / 6.362 = 6884.7 | B67: 6884.7 | C67: 0 | D67: 0 | E67: 6884.7 | G67: 5D42A3E881AA56D776DB859943E995 | H67: C! | I67: '재료비:' ~00000602024000000.M~ / {Q} =?MA+
A68: 노무비: 57077 / 6.362 = 8971.5 | B68: 0 | C68: 8971.5 | D68: 0 | E68: 8971.5 | G68: 5D42A3E881AA56D776DB859943E995 | H68: C! | I68: '노무비:' ~00000602024000000.L~ / {Q} =?LA+
A69: 경 비: 32323 / 6.362 = 5080.6 | B69: 0 | C69: 0 | D69: 5080.6 | E69: 5080.6 | G69: 5D42A3E881AA56D776DB859943E995 | H69: C! | I69: '경 비:' ~00000602024000000.E~ / {Q} =?EQ+
A70: 소계 | B70: 6884.7 | C70: 8971.5 | D70: 5080.6 | E70: 20936.8 | G70: 5D42A3E881AA56D776DB859943E995 | H70: C! | I70: >'소계'
B71: 0 | C71: 0 | D71: 0 | E71: 0 | G71: 5D42A3E881AA56D776DB859943E995 | H71: C!
A72: 2.자동덮개시설,덤프24톤용 M3 | B72: 0 | C72: 0 | D72: 0 | E72: 0 | G72: 5D42A3E881AA56D776DB859943E995 | H72: C! | I72: '2.자동덮개시설,덤프24톤용 M3'
A73: 재료비: 0 / 6.362 = 0 | B73: 0 | C73: 0 | D73: 0 | E73: 0 | G73: 5D42A3E881AA56D776DB859943E995 | H73: C! | I73: '재료비:' ~00000610024000000.M~ / {Q} =?MA+
A74: 노무비: 0 / 6.362 = 0 | B74: 0 | C74: 0 | D74: 0 | E74: 0 | G74: 5D42A3E881AA56D776DB859943E995 | H74: C! | I74: '노무비:' ~00000610024000000.L~ / {Q} =?LA+
A75: 경 비: 499 / 6.362 = 78.4 | B75: 0 | C75: 0 | D75: 78.4 | E75: 78.4 | G75: 5D42A3E881AA56D776DB859943E995 | H75: C! | I75: '경 비:' ~00000610024000000.E~ / {Q} =?EQ+
A76: 소계 | B76: 0 | C76: 0 | D76: 78.4 | E76: 78.4 | G76: 5D42A3E881AA56D776DB859943E995 | H76: C! | I76: >'소계'
A77: 총 계 | B77: 6884 | C77: 8971 | D77: 5159 | E77: 21014
A79: 철근 하차비 지게차 TON ( 산근 3 ) | G79: 5D66F3248C0C9BC97BFD4FB939B045 | I79: 철근 하차비 | J79: 지게차 | K79: TON
G80: 5D66F3248C0C9BC97BFD4FB939B045 | H80: C | L80: 1
B81: 0 | C81: 0 | D81: 0 | E81: 0 | G81: 5D66F3248C0C9BC97BFD4FB939B045 | H81: C!
A82: 크레인(트럭탑재형)(10TON/HR) | B82: 0 | C82: 0 | D82: 0 | E82: 0 | G82: 5D66F3248C0C9BC97BFD4FB939B045 | H82: C! | I82: '크레인(트럭탑재형)(10TON/HR)'
A83: Q1 1회적재량(TON) =1 | B83: 0 | C83: 0 | D83: 0 | E83: 0 | G83: 5D66F3248C0C9BC97BFD4FB939B045 | H83: C! | I83: q1 '1회적재량(TON)' =1
A84: F 환산계수 =1 | B84: 0 | C84: 0 | D84: 0 | E84: 0 | G84: 5D66F3248C0C9BC97BFD4FB939B045 | H84: C! | I84: F '환산계수' =1
A85: Es 작업효율 =0.5 | B85: 0 | C85: 0 | D85: 0 | E85: 0 | G85: 5D66F3248C0C9BC97BFD4FB939B045 | H85: C! | I85: Es '작업효율' =0.5
A86: CMS 묶기30,회전30,풀기30(초) =30+30+30= 90 | B86: 0 | C86: 0 | D86: 0 | E86: 0 | G86: 5D66F3248C0C9BC97BFD4FB939B045 | H86: C! | I86: Cms '묶기30,회전30,풀기30(초)'=30+30+30=?
A87: Q 크레인하차작업량(톤/HR) =(3600*Q1*F*ES/CMS)= 20 | B87: 0 | C87: 0 | D87: 0 | E87: 0 | G87: 5D66F3248C0C9BC97BFD4FB939B045 | H87: C! | I87: Q '크레인하차작업량(톤/HR)' =(3600*q1*F*Es/Cms)=?
A88: 재료비: 17056 / 20 = 852.8 | B88: 0 | C88: 0 | D88: 852.8 | E88: 852.8 | G88: 5D66F3248C0C9BC97BFD4FB939B045 | H88: C! | I88: '재료비:' ~00002105001000000.M~ / {Q} =?EQ+
A89: 노무비: 49479 / 20 = 2473.9 | B89: 0 | C89: 0 | D89: 2473.9 | E89: 2473.9 | G89: 5D66F3248C0C9BC97BFD4FB939B045 | H89: C! | I89: '노무비:' ~00002105001000000.L~ / {Q} =?EQ+
A90: 경 비: 22539 / 20 = 1126.9 | B90: 0 | C90: 0 | D90: 1126.9 | E90: 1126.9 | G90: 5D66F3248C0C9BC97BFD4FB939B045 | H90: C! | I90: '경 비:' ~00002105001000000.E~ / {Q} =?EQ+
A91: 소 계 | B91: 0 | C91: 0 | D91: 4453.6 | E91: 4453.6 | G91: 5D66F3248C0C9BC97BFD4FB939B045 | H91: C! | I91: >'소 계'
B92: 0 | C92: 0 | D92: 0 | E92: 0 | G92: 5D66F3248C0C9BC97BFD4FB939B045 | H92: C!
A93: 3.인력 | B93: 0 | C93: 0 | D93: 0 | E93: 0 | G93: 5D66F3248C0C9BC97BFD4FB939B045 | H93: C! | I93: '3.인력'
A94: 비계공 | B94: 0 | C94: 0 | D94: 0 | E94: 0 | G94: 5D66F3248C0C9BC97BFD4FB939B045 | H94: C! | I94: '비계공'
A95: 노무비: 279433*1/8/20 = 1746.4 | B95: 0 | C95: 0 | D95: 1746.4 | E95: 1746.4 | G95: 5D66F3248C0C9BC97BFD4FB939B045 | H95: C! | I95: '노무비:' ~L001010101000006.L~*1/8/{Q} =?EQ+
A96: 보통인부 | B96: 0 | C96: 0 | D96: 0 | E96: 0 | G96: 5D66F3248C0C9BC97BFD4FB939B045 | H96: C! | I96: '보통인부'
A97: 노무비: 169804*0.5/8/20 = 530.6 | B97: 0 | C97: 0 | D97: 530.6 | E97: 530.6 | G97: 5D66F3248C0C9BC97BFD4FB939B045 | H97: C! | I97: '노무비:' ~L001010101000002.L~*0.5/8/{Q} =?EQ+
A98: 소 계 | B98: 0 | C98: 0 | D98: 2277 | E98: 2277 | G98: 5D66F3248C0C9BC97BFD4FB939B045 | H98: C! | I98: >'소 계'
B99: 0 | C99: 0 | D99: 0 | E99: 0 | G99: 5D66F3248C0C9BC97BFD4FB939B045 | H99: C!
A100: 합 계 | B100: 0 | C100: 0 | D100: 6730.6 | E100: 6730.6 | G100: 5D66F3248C0C9BC97BFD4FB939B045 | H100: C! | I100: >>'합 계'
A101: 총 계 | B101: 0 | C101: 0 | D101: 6730 | E101: 6730
A103: 관급자재관리비 시멘트 포 ( 산근 4 ) | G103: 5D66F3248C1D0AF7776C4E39BD2A05 | I103: 관급자재관리비 | J103: 시멘트 | K103: 포
G104: 5D66F3248C1D0AF7776C4E39BD2A05 | H104: C | L104: 1
A105: 관급자재관리비_시멘트(포) | B105: 0 | C105: 0 | D105: 0 | E105: 0 | G105: 5D66F3248C1D0AF7776C4E39BD2A05 | H105: C! | I105: '관급자재관리비_시멘트(포)'
B106: 0 | C106: 0 | D106: 0 | E106: 0 | G106: 5D66F3248C1D0AF7776C4E39BD2A05 | H106: C!
A107: A 보통인부 1인의 관급자재 관리비율 =0.2 | B107: 0 | C107: 0 | D107: 0 | E107: 0 | G107: 5D66F3248C1D0AF7776C4E39BD2A05 | H107: C! | I107: A '보통인부 1인의 관급자재 관리비율' =0.2
...

Sheet 단가대비표
A1: 단 가 대 비 표
A2: [ 대화면도시재생사업청학당조성공사기본및실시설 ]
A3: 코 드 | B3: 품 명 | C3: 규격 | D3: 단위 | E3: 재 료 비 | P3: 노 무 비 | Q3: 경 비 | W3: 번 호 | X3: 비 고 | Y3: 품목구분 | Z3: 노임구분 | AA3: 소수점처리 | AB3: 자재구분
E4: 조달청가격 | F4: PAGE | G4: 거래가격 | H4: PAGE | I4: 유통물가 | J4: PAGE | K4: 조사가격1 | L4: PAGE | M4: 조사가격2 | N4: PAGE | O4: 적용단가 | Q4: 조달청가격 | R4: 거래가격 | S4: 유통물가 | T4: 조사가격1 | U4: 조사가격2 | V4: 적용단가
A5: 5A7EE3188E9F0C2F7399DB69DE27E1DE530FDA | B5: 굴착기(무한궤도) | C5: 0.2㎥ | D5: 대 | E5: 0 | G5: 0 | I5: 0 | K5: 0 | M5: 0 | O5: 0 | P5: 0 | Q5: 0 | R5: 0 | S5: 0 | T5: 0 | U5: 64267 | V5: =SMALL(Q5:U5,COUNTIF(Q5:U5,0)+1) -> 64267 | W5: 자재 1 | X5: 천원
A6: 5A7EE3188E9F0C2F7399DB69DE42BD2C5178AE | B6: 굴착기(무한궤도) | C6: 0.4㎥ | D6: 대 | E6: 0 | G6: 0 | I6: 0 | K6: 0 | M6: 0 | O6: 0 | P6: 0 | Q6: 0 | R6: 0 | S6: 0 | T6: 0 | U6: 82625 | V6: =SMALL(Q6:U6,COUNTIF(Q6:U6,0)+1) -> 82625 | W6: 자재 2 | X6: 천원
A7: 5A7EE3188E9F0C2F7399DB69DE6D90C8562719 | B7: 굴착기(무한궤도) | C7: 0.6㎥ | D7: 대 | E7: 0 | G7: 0 | I7: 0 | K7: 0 | M7: 0 | O7: 0 | P7: 0 | Q7: 0 | R7: 0 | S7: 0 | T7: 0 | U7: 109310 | V7: =SMALL(Q7:U7,COUNTIF(Q7:U7,0)+1) -> 109310 | W7: 자재 3 | X7: 천원
A8: 5A7EE3188E9F0C2F7399DB69DE7FF0F75D986A | B8: 굴착기(무한궤도) | C8: 0.7㎥ | D8: 대 | E8: 0 | G8: 0 | I8: 0 | K8: 0 | M8: 0 | O8: 0 | P8: 0 | Q8: 0 | R8: 0 | S8: 0 | T8: 0 | U8: 115116 | V8: =SMALL(Q8:U8,COUNTIF(Q8:U8,0)+1) -> 115116 | W8: 자재 4 | X8: 천원
A9: 5A7EE3188E9F0C2F72F0A4E9FD65A1135D5787 | B9: 굴착기(타이어) | C9: 0.6㎥ | D9: 대 | E9: 0 | G9: 0 | I9: 0 | K9: 0 | M9: 0 | O9: 0 | P9: 0 | Q9: 0 | R9: 0 | S9: 0 | T9: 0 | U9: 116118 | V9: =SMALL(Q9:U9,COUNTIF(Q9:U9,0)+1) -> 116118 | W9: 자재 5 | X9: 천원
A10: 5A7EE3188E9F0C667EE393A90440A6B6595D66 | B10: 덤프트럭 | C10: 8ton | D10: 대 | E10: 0 | G10: 0 | I10: 0 | K10: 0 | M10: 0 | O10: 0 | P10: 0 | Q10: 0 | R10: 0 | S10: 0 | T10: 0 | U10: 36694 | V10: =SMALL(Q10:U10,COUNTIF(Q10:U10,0)+1) -> 36694 | W10: 자재 6 | X10: 천원
A11: 5A7EE3188E9F0C667EE393A91560641B5580F1 | B11: 덤프트럭 | C11: 15ton | D11: 대 | E11: 0 | G11: 0 | I11: 0 | K11: 0 | M11: 0 | O11: 0 | P11: 0 | Q11: 0 | R11: 0 | S11: 0 | T11: 0 | U11: 88973 | V11: =SMALL(Q11:U11,COUNTIF(Q11:U11,0)+1) -> 88973 | W11: 자재 7 | X11: 천원
A12: 5A7EE3188E9F0C667EE393A927D2F3CA553A54 | B12: 덤프트럭 | C12: 24ton | D12: 대 | E12: 0 | G12: 0 | I12: 0 | K12: 0 | M12: 0 | O12: 0 | P12: 0 | Q12: 0 | R12: 0 | S12: 0 | T12: 0 | U12: 145014 | V12: =SMALL(Q12:U12,COUNTIF(Q12:U12,0)+1) -> 145014 | W12: 자재 8 | X12: 천원
A13: 5A7EE3188E9F0C667F886FC9C382826852EACC | B13: 덤프트럭 자동덮개시설 | C13: 15ton | D13: 대 | E13: 0 | G13: 0 | I13: 0 | K13: 0 | M13: 0 | O13: 0 | P13: 0 | Q13: 0 | R13: 0 | S13: 0 | T13: 0 | U13: 1604 | V13: =SMALL(Q13:U13,COUNTIF(Q13:U13,0)+1) -> 1604 | W13: 자재 9 | X13: 천원
A14: 5A7EE3188E9F0C667F886FC9FF58BC8550AADE | B14: 덤프트럭 자동덮개시설 | C14: 24ton | D14: 대 | E14: 0 | G14: 0 | I14: 0 | K14: 0 | M14: 0 | O14: 0 | P14: 0 | Q14: 0 | R14: 0 | S14: 0 | T14: 0 | U14: 1861 | V14: =SMALL(Q14:U14,COUNTIF(Q14:U14,0)+1) -> 1861 | W14: 자재 10 | X14: 천원
A15: 5A7EE3188E9F1E417BE59549A12A42105FFD7A | B15: 진동롤러(핸드가이드식) | C15: 0.7ton | D15: 대 | E15: 0 | G15: 0 | I15: 0 | K15: 0 | M15: 0 | O15: 0 | P15: 0 | Q15: 0 | R15: 0 | S15: 0 | T15: 0 | U15: 6733 | V15: =SMALL(Q15:U15,COUNTIF(Q15:U15,0)+1) -> 6733 | W15: 자재 11 | X15: 천원
A16: 5A7EE3188E9F1E417BE6BB49D89B424D5DEB54 | B16: 진동롤러(자주식) | C16: 10ton | D16: 대 | E16: 0 | G16: 0 | I16: 0 | K16: 0 | M16: 0 | O16: 0 | P16: 0 | Q16: 0 | R16: 0 | S16: 0 | T16: 0 | U16: 92722 | V16: =SMALL(Q16:U16,COUNTIF(Q16:U16,0)+1) -> 92722 | W16: 자재 12 | X16: 천원
... A30: 5A7EE3188E9F706979E56009F3AB2D5F575572 | B30: 배관파이프 | C30: ∮50㎜∼2.6m | D30: 대 | E30: 0 | G30: 0 | I30: 0 | K30: 0 | M30: 0 | O30: 0 | P30: 0 | Q30: 0 | R30: 0 | S30: 0 | T30: 0 | U30: 17 | V30: =SMALL(Q30:U30,COUNTIF(Q30:U30,0)+1) -> 17 | W30: 자재 26 | X30: 천원
A31: 5A6C831486DBAE87765EC6090B02EAE35D13FA | B31: 조경용수목 | C31: 조경용수목, 사철나무, 수고=1.5, 수관폭=0.5 | D31: 주 | E31: 0 | G31: 0 | I31: 7943 | J31: 233(22년1월) | K31: 0 | M31: 0 | O31: =SMALL(E31:M31,COUNTIF(E31:M31,0)+1) -> 7943 | P31: 0 | Q31: 0 | R31: 0 | S31: 0 | T31: 0 | U31: 0 | V31: 0 | W31: 자재 27
A32: 5A6C831486DBAE87765EC6090B02EAE35D12D4 | B32: 조경용수목 | C32: 조경용수목, 산단풍, 수고=2.5, 근원경=8.0 | D32: 주 | E32: 0 | G32: 155028 | H32: 400(20.12) | I32: 0 | K32: 0 | M32: 0 | O32: =SMALL(E32:M32,COUNTIF(E32:M32,0)+1) -> 155028 | P32: 0 | Q32: 0 | R32: 0 | S32: 0 | T32: 0 | U32: 0 | V32: 0 | W32: 자재 28
A33: 5A6C831486DBAE87765EC6090B02EAE35FD8D2 | B33: 조경용수목 | C33: 조경용수목, 전나무, 젓나무, 수고=3.0, 수관폭=1.5 | D33: 주 | E33: 0 | G33: 0 | I33: 169440 | J33: 233(22년1월) | K33: 0 | M33: 0 | O33: =SMALL(E33:M33,COUNTIF(E33:M33,0)+1) -> 169440 | P33: 0 | Q33: 0 | R33: 0 | S33: 0 | T33: 0 | U33: 0 | V33: 0 | W33: 자재 29
A34: 5A6C831486DBAE87765EC6090B02EAE35E3D59 | B34: 조경용수목 | C34: 조경용수목, 청단풍, 수고=3.0 ,근원경=10.0 | D34: 주 | E34: 0 | G34: 145083 | H34: 401(22.01) | I34: 127080 | J34: 234(22.01) | K34: 0 | M34: 0 | O34: =SMALL(E34:M34,COUNTIF(E34:M34,0)+1) -> 127080 | P34: 0 | Q34: 0 | R34: 0 | S34: 0 | T34: 0 | U34: 0 | V34: 0 | W34: 자재 30
A35: 5A6C831486DBAE87765EC6090B64C0DF569B96 | B35: 조경용수목 | C35: 조경용수목, 산철쭉, 수고=0.6, 수관폭=0.6 | D35: 주 | E35: 0 | G35: 0 | I35: 3749 | J35: 233<22.01>직선 | K35: 0 | M35: 0 | O35: =SMALL(E35:M35,COUNTIF(E35:M35,0)+1) -> 3749 | P35: 0 | Q35: 0 | R35: 0 | S35: 0 | T35: 0 | U35: 0 | V35: 0 | W35: 자재 31
A36: 5A6C831486DBAE87765EC609151077A8597196 | B36: 조경용수목 | C36: 조경용수목, 나무수국, 수고=1.0, 수관폭=0.6 | D36: 주 | E36: 0 | G36: 0 | I36: 11490 | J36: 231(22.01) | K36: 0 | M36: 0 | O36: =SMALL(E36:M36,COUNTIF(E36:M36,0)+1) -> 11490 | P36: 0 | Q36: 0 | R36: 0 | S36: 0 | T36: 0 | U36: 0 | V36: 0 | W36: 자재 32
A37: 5A6C831486DBAE87765EC60915101D09560E2A | B37: 조경용수목 | C37: 조경용수목, 계수나무, 수고=3.0, 근원경=10.0 | D37: 주 | E37: 0 | G37: 208623 | H37: 401(22.01) | I37: 211800 | J37: 231(22.01) | K37: 0 | M37: 0 | O37: =SMALL(E37:M37,COUNTIF(E37:M37,0)+1) -> 208623 | P37: 0 | Q37: 0 | R37: 0 | S37: 0 | T37: 0 | U37: 0 | V37: 0 | W37: 자재 33
A38: 5A6C831486C9DCF873D927892B0909AA508261 | B38: 인공토 | C38: 식생기반재, 암사면녹화용 | D38: M3 | E38: 0 | G38: 65000 | H38: 394 | I38: 0 | K38: 0 | M38: 0 | O38: =SMALL(E38:M38,COUNTIF(E38:M38,0)+1) -> 65000 | P38: 0 | Q38: 0 | R38: 0 | S38: 0 | T38: 0 | U38: 0 | V38: 0 | W38: 자재 34
A39: 5A6C933D82332B73749BF1690DA24FD8525D2D | B39: 자갈 | C39: 자갈, 도착도, #467 | D39: M3 | E39: 0 | G39: 0 | I39: 0 | K39: 30000 | L39: 62 | M39: 0 | O39: =SMALL(E39:M39,COUNTIF(E39:M39,0)+1) -> 30000 | P39: 0 | Q39: 0 | R39: 0 | S39: 0 | T39: 0 | U39: 0 | V39: 0 | W39: 자재 35
A40: 5A6C933D82332B73749BF1690DA24FD85259E6 | B40: 쇄석자갈 | C40: 쇄석자갈, 도착도, 25mm | D40: M3 | E40: 0 | G40: 34000 | H40: 101 | I40: 0 | K40: 0 | M40: 0 | O40: =SMALL(E40:M40,COUNTIF(E40:M40,0)+1) -> 34000 | P40: 0 | Q40: 0 | R40: 0 | S40: 0 | T40: 0 | U40: 0 | V40: 0 | W40: 자재 36
A41: 5A6C933D82332B73749BF1690DA24FD8525509 | B41: 자갈 | C41: (별도), 40mm, #467 | D41: M3 | E41: 0 | G41: 0 | I41: 0 | K41: 0 | M41: 0 | O41: 0 | P41: 0 | Q41: 0 | R41: 0 | S41: 0 | T41: 0 | U41: 0 | V41: 0 | W41: 자재 37 | X41: 별도
A42: 5A6C933D82332B737CD7DED98FD860D857BF6E | B42: 잡석 | C42: 잡석, 도착도, 지정용 | D42: M3 | E42: 0 | G42: 0 | I42: 0 | K42: 25000 | L42: 62 | M42: 0 | O42: =SMALL(E42:M42,COUNTIF(E42:M42,0)+1) -> 25000 | P42: 0 | Q42: 0 | R42: 0 | S42: 0 | T42: 0 | U42: 0 | V42: 0 | W42: 자재 38
A43: 5A6C933D82332B737CD7DED9BB99F18E556260 | B43: 잡석 | C43: 잡석, 별도 | D43: M3 | E43: 0 | G43: 0 | I43: 0 | K43: 0 | M43: 0 | O43: 0 | P43: 0 | Q43: 0 | R43: 0 | S43: 0 | T43: 0 | U43: 0 | V43: 0 | W43: 자재 39 | X43: 별도
A44: 5A6C933D82332B627E4EFA39D5E729EB54074D | B44: 모래 | C44: (별도) | D44: M3 | E44: 0 | G44: 0 | I44: 0 | K44: 0 | M44: 0 | O44: 0 | P44: 0 | Q44: 0 | R44: 0 | S44: 0 | T44: 0 | U44: 0 | V44: 0 | W44: 자재 40 | X44: 별도
A45: 5A6C933D82332B627E4EFA39D5E729EB54073A | B45: 모래 | C45: 모래, 도착도 | D45: M3 | E45: 0 | G45: 0 | I45: 37000 | J45: 61 | K45: 0 | M45: 0 | O45: =SMALL(E45:M45,COUNTIF(E45:M45,0)+1) -> 37000 | P45: 0 | Q45: 0 | R45: 0 | S45: 0 | T45: 0 | U45: 0 | V45: 0 | W45: 자재 41
A46: 5A6C933D8207CDD4722276197AE5CD6B5E61AC | B46: 보통합판 | C46: 보통합판, 1급, 12*1220*2440mm | D46: M2 | E46: 10373 | G46: 11085.72 | H46: 669 | I46: 10421.92 | J46: 407 | K46: 0 | M46: 0 | O46: =SMALL(E46:M46,COUNTIF(E46:M46,0)+1) -> 10373 | P46: 0 | Q46: 0 | R46: 0 | S46: 0 | T46: 0 | U46: 0 | V46: 0 | W46: 자재 42
A47: 5A6C933D8207CDD4722276197AE5CD6B5E650E | B47: 내수합판 | C47: 내수합판, 1급, 12*1220*2440mm | D47: M2 | E47: 10934 | G47: 12093.52 | H47: 669 | I47: 10986.29 | J47: 407 | K47: 0 | M47: 0 | O47: =SMALL(E47:M47,COUNTIF(E47:M47,0)+1) -> 10934 | P47: 0 | Q47: 0 | R47: 0 | S47: 0 | T47: 0 | U47: 0 | V47: 0 | W47: 자재 43
A48: 5A6C933D82B0996772C6A7C9FEA6BCE35932E3 | B48: 철강설 | C48: 철강설, 고철, 작업설부산물 | D48: TON | E48: 275000 | G48: 350000 | H48: 1472 | I48: 309000 | J48: 1198 | K48: 0 | M48: 0 | O48: =SMALL(E48:M48,COUNTIF(E48:M48,0)+1) -> 275000 | P48: 0 | Q48: 0 | R48: 0 | S48: 0 | T48: 0 | U48: 0 | V48: 0 | W48: 자재 44 | X48: 수집상차도
A49: 5A6C933D82B0996772C6A7C9FEA6BCE35932E0 | B49: 철강설 | C49: 철강설, 고철, 작업설부산물 | D49: kg | E49: 275 | G49: 350 | H49: 1472 | I49: 309 | J49: 1198 | K49: 0 | M49: 0 | O49: =SMALL(E49:M49,COUNTIF(E49:M49,0)+1) -> 275 | P49: 0 | Q49: 0 | R49: 0 | S49: 0 | T49: 0 | U49: 0 | V49: 0 | W49: 자재 45 | X49: 수집상차도
A50: 5A6C933D82B0996772C6A7C9FEA6BCE3593389 | B50: 철강설 | C50: 철강설, 스텐레스, 작업설부산물 | D50: kg | E50: 1600 | G50: 1800 | H50: 1472 | I50: 1650 | J50: 1198 | K50: 0 | M50: 0 | O50: =SMALL(E50:M50,COUNTIF(E50:M50,0)+1) -> 1600 | P50: 0 | Q50: 0 | R50: 0 | S50: 0 | T50: 0 | U50: 0 | V50: 0 | W50: 자재 46 | X50: 수집상차도
A51: 5A6CA3C288284AB670C8E1691ED873DC5A250B | B51: 산소가스 | C51: 산소가스, 기체(㎥) | D51: M3 | E51: 0 | G51: 4166.66 | H51: 1451 | I51: 3033.33 | J51: 1190 | K51: 0 | M51: 0 | O51: =SMALL(E51:M51,COUNTIF(E51:M51,0)+1) -> 3033.33 | P51: 0 | Q51: 0 | R51: 0 | S51: 0 | T51: 0 | U51: 0 | V51: 0 | W51: 자재 47 | X51: 대기압상태기준
A52: 5A6CA3C288284AB670C8E1691ED873DC5A2505 | B52: 산소가스 | C52: 기체 | D52: L | E52: 2 | G52: 4.16 | H52: 1451 | I52: 3.03 | J52: 1190 | K52: 0 | M52: 0 | O52: =SMALL(E52:M52,COUNTIF(E52:M52,0)+1) -> 2 | P52: 0 | Q52: 0 | R52: 0 | S52: 0 | T52: 0 | U52: 0 | V52: 0 | W52: 자재 48 | X52: 대기압상태기준
A53: 5A6CA3C2880D37B37A3B2B19EACCD16B516FA0 | B53: RP-300WR | C53: 고침투성 외벽용 발수제 | D53: L | E53: 0 | G53: 0 | I53: 0 | K53: 3611 | L53: 505 | M53: 0 | O53: =SMALL(E53:M53,COUNTIF(E53:M53,0)+1) -> 3611 | P53: 0 | Q53: 0 | R53: 0 | S53: 0 | T53: 0 | U53: 0 | V53: 0 | W53: 자재 49
A54: 5A6CA3C2880D37B37A3C3209F5C6CD9D50F7EB | B54: 침투성방수제 | C54: 침투성방수제, 뉴스타방수액(K.S.인증) | D54: kg | E54: 0 | G54: 0 | I54: 0 | K54: 0 | M54: 5300 | O54: =SMALL(E54:M54,COUNTIF(E54:M54,0)+1) -> 5300 | P54: 0 | Q54: 0 | R54: 0 | S54: 0 | T54: 0 | U54: 0 | V54: 0 | W54: 자재 50
A55: 5A6CA3C2880D37B373839F692E1A6DA95DFFD6 | B55: 기타도막방수재 | C55: 기타도막방수재, 방수액고점도(1:50희석) | D55: L | E55: 0 | G55: 0 | I55: 0 | K55: 3753 | L55: 463 | M55: 0 | O55: =SMALL(E55:M55,COUNTIF(E55:M55,0)+1) -> 3753 | P55: 0 | Q55: 0 | R55: 0 | S55: 0 | T55: 0 | U55: 0 | V55: 0 | W55: 자재 51
A56: 5A6CB3E888830E277AC8F3E9432231325A09E9 | B56: 폴리에틸렌필름 | C56: 폴리에틸렌필름, 두께, 0.03mm | D56: M2 | E56: 184 | G56: 183.91 | H56: 1460 | I56: 228.65 | J56: 1182 | K56: 0 | M56: 0 | O56: =SMALL(E56:M56,COUNTIF(E56:M56,0)+1) -> 183.91 | P56: 0 | Q56: 0 | R56: 0 | S56: 0 | T56: 0 | U56: 0 | V56: 0 | W56: 자재 52
A57: 5A6CD396865013C37979C569E8BA81935B213D | B57: 경유 | C57: 경유, 저유황 | D57: L | E57: 0 | G57: 1662.72 | H57: 1451 | I57: 1380 | J57: 1189 | K57: 0 | M57: 0 | O57: =SMALL(E57:M57,COUNTIF(E57:M57,0)+1) -> 1380 | P57: 0 | Q57: 0 | R57: 0 | S57: 0 | T57: 0 | U57: 0 | V57: 0 | W57: 자재 53
A58: 5A6CD396865013C3797AEC798505E81853E557 | B58: 공업용휘발유 | C58: 공업용휘발유, 무연 | D58: L | E58: 0 | G58: 1735.45 | H58: 1451 | I58: 1520 | J58: 1189 | K58: 0 | M58: 0 | O58: =SMALL(E58:M58,COUNTIF(E58:M58,0)+1) -> 1520 | P58: 0 | Q58: 0 | R58: 0 | S58: 0 | T58: 0 | U58: 0 | V58: 0 | W58: 자재 54
A59: 5A6CD39686478BFB73C99029F5694A4C543011 | B59: 아세틸렌가스 | C59: 아세틸렌가스, kg | D59: kg | E59: 15133 | G59: 42000 | H59: 1451 | I59: 27300 | J59: 1190 | K59: 0 | M59: 0 | O59: =SMALL(E59:M59,COUNTIF(E59:M59,0)+1) -> 15133 | P59: 0 | Q59: 0 | R59: 0 | S59: 0 | T59: 0 | U59: 0 | V59: 0 | W59: 자재 55
A60: 5A6CD39686478BFB7228F3393F4C532054952F | B60: 액화석유가스 | C60: 액화석유가스, 건설용 LPG | D60: kg | E60: 1998 | G60: 0 | I60: 0 | K60: 0 | M60: 0 | O60: =SMALL(E60:M60,COUNTIF(E60:M60,0)+1) -> 1998 | P60: 0 | Q60: 0 | R60: 0 | S60: 0 | T60: 0 | U60: 0 | V60: 0 | W60: 자재 56
A61: 5A6CD39686478BFB72299AB9DBC9057259875E | B61: 액화천연가스 | C61: 액화천연가스, 건설용 | D61: M3 | E61: 0 | G61: 0 | I61: 0 | K61: 0 | M61: 880 | N61: 1605 | O61: =SMALL(E61:M61,COUNTIF(E61:M61,0)+1) -> 880 | P61: 0 | Q61: 0 | R61: 0 | S61: 0 | T61: 0 | U61: 0 | V61: 0 | W61: 자재 57
A62: 5A5223F185DB3578710F9399782312D9571781 | B62: 용접봉(연강용) | C62: 3.2(KSE4301) | D62: kg | E62: 0 | G62: 2980 | H62: 1326 | I62: 4500 | J62: 1132 | K62: 0 | M62: 0 | O62: =SMALL(E62:M62,COUNTIF(E62:M62,0)+1) -> 2980 | P62: 0 | Q62: 0 | R62: 0 | S62: 0 | T62: 0 | U62: 0 | V62: 0 | W62: 자재 58
A63: 5A5253468A1DF0EB79A39999D6740D3C5FD5CC | B63: 공통자재 | C63: 하드롱지 | D63: M2 | E63: 444 | G63: 408.35 | H63: 692 | I63: 0 | K63: 0 | M63: 0 | O63: =SMALL(E63:M63,COUNTIF(E63:M63,0)+1) -> 408.35 | P63: 0 | Q63: 0 | R63: 0 | S63: 0 | T63: 0 | U63: 0 | V63: 0 | W63: 자재 59
A64: 5A41A3FB8655B67C7EA12EA90407A401527653 | B64: ㄱ형강 | C64: ㄱ형강, 등변, 25*25*3mm | D64: kg | E64: 950 | G64: 970 | H64: 55 | I64: 1050 | J64: 21 | K64: 0 | M64: 0 | O64: =SMALL(E64:M64,COUNTIF(E64:M64,0)+1) -> 950 | P64: 0 | Q64: 0 | R64: 0 | S64: 0 | T64: 0 | U64: 0 | V64: 0 | W64: 자재 60
A65: 5A41A3FB8655B6477AA33859502D74AA576795 | B65: 평강 | C65: 평강, t3*19∼50mm | D65: kg | E65: 0 | G65: 940 | H65: 52 | I65: 1020 | J65: 23 | K65: 0 | M65: 0 | O65: =SMALL(E65:M65,COUNTIF(E65:M65,0)+1) -> 940 | P65: 0 | Q65: 0 | R65: 0 | S65: 0 | T65: 0 | U65: 0 | V65: 0 | W65: 자재 61
A66: 5A41A3FB8655B6477AA33859502D74AA576796 | B66: 평강 | C66: 평강, t6*38∼75mm | D66: kg | E66: 0 | G66: 940 | H66: 52 | I66: 1020 | J66: 23 | K66: 0 | M66: 0 | O66: =SMALL(E66:M66,COUNTIF(E66:M66,0)+1) -> 940 | P66: 0 | Q66: 0 | R66: 0 | S66: 0 | T66: 0 | U66: 0 | V66: 0 | W66: 자재 62
A67: 5A41A3FB8655B6477AA33859502D74AA576791 | B67: 평강 | C67: 평강, t9*38∼75mm | D67: kg | E67: 0 | G67: 940 | H67: 52 | I67: 1020 | J67: 23 | K67: 0 | M67: 0 | O67: =SMALL(E67:M67,COUNTIF(E67:M67,0)+1) -> 940 | P67: 0 | Q67: 0 | R67: 0 | S67: 0 | T67: 0 | U67: 0 | V67: 0 | W67: 자재 63
A68: 5A41A3FB8655B6477AA21149C5FB930B5EFF5F | B68: 스테인리스강봉 | C68: 스테인리스강봉, STS304, ∮13.1∼25.4mm | D68: kg | E68: 0 | G68: 5650 | H68: 75 | I68: 5380 | J68: 39 | K68: 0 | M68: 0 | O68: =SMALL(E68:M68,COUNTIF(E68:M68,0)+1) -> 5380 | P68: 0 | Q68: 0 | R68: 0 | S68: 0 | T68: 0 | U68: 0 | V68: 0 | W68: 자재 64
A69: 5A41A3FB8655B6477B47D2692191854457F445 | B69: 철근콘크리트용봉강[관급자재] | C69: 철근콘크리트용봉강, 이형봉강(SD400), HD-10, 하치장상차도 | D69: TON | E69: 0 | G69: 0 | I69: 0 | K69: 0 | M69: 0 | O69: 0 | P69: 0 | Q69: 0 | R69: 0 | S69: 0 | T69: 0 | U69: 0 | V69: 0 | W69: 자재 65
A70: 5A41A3FB8655B6477B47D2692191854457F446 | B70: 철근콘크리트용봉강[관급자재] | C70: 철근콘크리트용봉강, 이형봉강(SD400), HD-13, 하치장상차도 | D70: TON | E70: 0 | G70: 0 | I70: 0 | K70: 0 | M70: 0 | O70: 0 | P70: 0 | Q70: 0 | R70: 0 | S70: 0 | T70: 0 | U70: 0 | V70: 0 | W70: 자재 66
A71: 5A41A3FB8655B6477B47D2692191854457F447 | B71: 철근콘크리트용봉강[관급자재] | C71: 철근콘크리트용봉강, 이형봉강(SD400), HD-16, 하치장상차도 | D71: TON | E71: 0 | G71: 0 | I71: 0 | K71: 0 | M71: 0 | O71: 0 | P71: 0 | Q71: 0 | R71: 0 | S71: 0 | T71: 0 | U71: 0 | V71: 0 | W71: 자재 67
A72: 5A41A3FB8655B6477B47D2692191854457F440 | B72: 철근콘크리트용봉강[관급자재] | C72: 철근콘크리트용봉강, 이형봉강(SD400), HD-19, 하치장상차도 | D72: TON | E72: 0 | G72: 0 | I72: 0 | K72: 0 | M72: 0 | O72: 0 | P72: 0 | Q72: 0 | R72: 0 | S72: 0 | T72: 0 | U72: 0 | V72: 0 | W72: 자재 68
A73: 5A41A3FB8655B6477B47D2692191854457F441 | B73: 철근콘크리트용봉강[관급자재] | C73: 철근콘크리트용봉강, 이형봉강(SD400), HD-22, 하치장상차도 | D73: TON | E73: 0 | G73: 0 | I73: 0 | K73: 0 | M73: 0 | O73: 0 | P73: 0 | Q73: 0 | R73: 0 | S73: 0 | T73: 0 | U73: 0 | V73: 0 | W73: 자재 69
A74: 5A41A3FB8655B6477B47D2692191854457F718 | B74: 철근콘크리트용봉강[관급] | C74: 철근콘크리트용봉강, 이형봉강(SD400), HD-10, 하치장상차도 | D74: TON | E74: 861060 | G74: 0 | I74: 0 | K74: 0 | M74: 0 | O74: =SMALL(E74:M74,COUNTIF(E74:M74,0)+1) -> 861060 | P74: 0 | Q74: 0 | R74: 0 | S74: 0 | T74: 0 | U74: 0 | V74: 0 | W74: 자재 70 | X74: 식별번호 :10063865
A75: 5A41A3FB8655B6477B47D2692191854457F71B | B75: 철근콘크리트용봉강[관급] | C75: 철근콘크리트용봉강, 이형봉강(SD400), HD-13, 하치장상차도 | D75: TON | E75: 856390 | G75: 0 | I75: 0 | K75: 0 | M75: 0 | O75: =SMALL(E75:M75,COUNTIF(E75:M75,0)+1) -> 856390 | P75: 0 | Q75: 0 | R75: 0 | S75: 0 | T75: 0 | U75: 0 | V75: 0 | W75: 자재 71 | X75: 식별번호 :10063866
A76: 5A41A3FB8655B6477B47D2692191854457F71A | B76: 철근콘크리트용봉강[관급] | C76: 철근콘크리트용봉강, 이형봉강(SD400), HD-16, 하치장상차도 | D76: TON | E76: 856390 | G76: 0 | I76: 0 | K76: 0 | M76: 0 | O76: =SMALL(E76:M76,COUNTIF(E76:M76,0)+1) -> 856390 | P76: 0 | Q76: 0 | R76: 0 | S76: 0 | T76: 0 | U76: 0 | V76: 0 | W76: 자재 72 | X76: 식별번호 :10063867
A77: 5A41A3FB8655B6477B47D2692191854457F71D | B77: 철근콘크리트용봉강[관급] | C77: 철근콘크리트용봉강, 이형봉강(SD400), HD-19, 하치장상차도 | D77: TON | E77: 856390 | G77: 0 | I77: 0 | K77: 0 | M77: 0 | O77: =SMALL(E77:M77,COUNTIF(E77:M77,0)+1) -> 856390 | P77: 0 | Q77: 0 | R77: 0 | S77: 0 | T77: 0 | U77: 0 | V77: 0 | W77: 자재 73 | X77: 식별번호 :10063868
A78: 5A41A3FB8655B6477B47D2692191854457F71C | B78: 철근콘크리트용봉강[관급] | C78: 철근콘크리트용봉강, 이형봉강(SD400), HD-22, 하치장상차도 | D78: TON | E78: 856390 | G78: 0 | I78: 0 | K78: 0 | M78: 0 | O78: =SMALL(E78:M78,COUNTIF(E78:M78,0)+1) -> 856390 | P78: 0 | Q78: 0 | R78: 0 | S78: 0 | T78: 0 | U78: 0 | V78: 0 | W78: 자재 74 | X78: 식별번호 :10063869
A79: 5A41A3FB8655B650717DEE695362724B5E486E | B79: 보조강재 | C79: 대강 | D79: kg | E79: 0 | G79: 940 | H79: 52 | I79: 0 | K79: 0 | M79: 0 | O79: =SMALL(E79:M79,COUNTIF(E79:M79,0)+1) -> 940 | P79: 0 | Q79: 0 | R79: 0 | S79: 0 | T79: 0 | U79: 0 | V79: 0 | W79: 자재 75
A80: 5A41A3FB8655B650717DEE694103EDD5590ACB | B80: H형강 | C80: SHN355, 400*400*13*21mm, 현장도착도 | D80: TON | E80: 0 | G80: 1450000 | H80: 56 | I80: 1585000 | J80: 19 | K80: 0 | M80: 0 | O80: =SMALL(E80:M80,COUNTIF(E80:M80,0)+1) -> 1450000 | P80: 0 | Q80: 0 | R80: 0 | S80: 0 | T80: 0 | U80: 0 | V80: 0 | W80: 자재 76 | X80: 172.0kg/m
A81: 5A41A3FB8655B650717DEE694103EDD559081E | B81: H형강 | C81: SHN355, 692*300*13*20mm, 현장도착도 | D81: TON | E81: 0 | G81: 1450000 | H81: 56 | I81: 1831000 | J81: 19 | K81: 0 | M81: 0 | O81: =SMALL(E81:M81,COUNTIF(E81:M81,0)+1) -> 1450000 | P81: 0 | Q81: 0 | R81: 0 | S81: 0 | T81: 0 | U81: 0 | V81: 0 | W81: 자재 77 | X81: 166.0kg/m
A82: 5A41A3FB8655B650717DEE694103EDD250EE1A | B82: H형강[관급자재] | C82: SS275, 250*125*6*9mm, 현장도착도 | D82: TON | E82: 0 | G82: 0 | I82: 0 | K82: 0 | M82: 0 | O82: 0 | P82: 0 | Q82: 0 | R82: 0 | S82: 0 | T82: 0 | U82: 0 | V82: 0 | W82: 자재 78 | X82: 29.6kg/m
A83: 5A41A3FB8655B650717DEE694103EDD250ED75 | B83: H형강[관급자재] | C83: SS275, 300*150*6.5*9mm, 현장도착도 | D83: TON | E83: 0 | G83: 0 | I83: 0 | K83: 0 | M83: 0 | O83: 0 | P83: 0 | Q83: 0 | R83: 0 | S83: 0 | T83: 0 | U83: 0 | V83: 0 | W83: 자재 79 | X83: 36.7kg/m
A84: 5A41A3FB8655B650717DEE694103EDD250EC53 | B84: H형강[관급자재] | C84: SS275, 350*175*7*11mm, 현장도착도 | D84: TON | E84: 0 | G84: 0 | I84: 0 | K84: 0 | M84: 0 | O84: 0 | P84: 0 | Q84: 0 | R84: 0 | S84: 0 | T84: 0 | U84: 0 | V84: 0 | W84: 자재 80 | X84: 49.6kg/m
A85: 5A41A3FB8655B650717DEE694103EDD250EB49 | B85: H형강[관급자재] | C85: SS275, 400*200*8*13mm, 현장도착도 | D85: TON | E85: 0 | G85: 0 | I85: 0 | K85: 0 | M85: 0 | O85: 0 | P85: 0 | Q85: 0 | R85: 0 | S85: 0 | T85: 0 | U85: 0 | V85: 0 | W85: 자재 81 | X85: 66.0kg/m
A86: 5A41A3FB8655B650717DEE694103EDD253A2C1 | B86: H형강[관급] | C86: SS275, 250*125*6*9mm, 현장도착도 | D86: TON | E86: 1131820 | G86: 0 | I86: 0 | K86: 0 | M86: 0 | O86: =SMALL(E86:M86,COUNTIF(E86:M86,0)+1) -> 1131820 | P86: 0 | Q86: 0 | R86: 0 | S86: 0 | T86: 0 | U86: 0 | V86: 0 | W86: 자재 82 | X86: 식별번호 :23329018
A87: 5A41A3FB8655B650717DEE694103EDD253A13C | B87: H형강[관급] | C87: SS275, 300*150*6.5*9mm, 현장도착도 | D87: TON | E87: 1131820 | G87: 0 | I87: 0 | K87: 0 | M87: 0 | O87: =SMALL(E87:M87,COUNTIF(E87:M87,0)+1) -> 1131820 | P87: 0 | Q87: 0 | R87: 0 | S87: 0 | T87: 0 | U87: 0 | V87: 0 | W87: 자재 83 | X87: 식별번호 :23329040
A88: 5A41A3FB8655B650717DEE694103EDD253A014 | B88: H형강[관급] | C88: SS275, 350*175*7*11mm, 현장도착도 | D88: TON | E88: 1131820 | G88: 0 | I88: 0 | K88: 0 | M88: 0 | O88: =SMALL(E88:M88,COUNTIF(E88:M88,0)+1) -> 1131820 | P88: 0 | Q88: 0 | R88: 0 | S88: 0 | T88: 0 | U88: 0 | V88: 0 | W88: 자재 84 | X88: 식별번호 :23329051
A89: 5A41A3FB8655B650717DEE694103EDD253A745 | B89: H형강[관급] | C89: SS275, 400*200*8*13mm, 현장도착도 | D89: TON | E89: 1131820 | G89: 0 | I89: 0 | K89: 0 | M89: 0 | O89: =SMALL(E89:M89,COUNTIF(E89:M89,0)+1) -> 1131820 | P89: 0 | Q89: 0 | R89: 0 | S89: 0 | T89: 0 | U89: 0 | V89: 0 | W89: 자재 85 | X89: 식별번호 :23329057
A90: 5A41A3FB8655B650717DEE694103EAC05E5953 | B90: H형강[관급자재] | C90: SHN355, 300*300*10*15mm, 현장도착도 | D90: TON | E90: 0 | G90: 0 | I90: 0 | K90: 0 | M90: 0 | O90: 0 | P90: 0 | Q90: 0 | R90: 0 | S90: 0 | T90: 0 | U90: 0 | V90: 0 | W90: 자재 86 | X90: 94.0kg/m
A91: 5A41A3FB8655B650717DEE694103EAC05E5FFC | B91: H형강[관급자재] | C91: SHN355, 350*350*12*19mm, 현장도착도 | D91: TON | E91: 0 | G91: 0 | I91: 0 | K91: 0 | M91: 0 | O91: 0 | P91: 0 | Q91: 0 | R91: 0 | S91: 0 | T91: 0 | U91: 0 | V91: 0 | W91: 자재 87
A92: 5A41A3FB8655B650717DEE694103EAC05E5DCD | B92: H형강[관급자재] | C92: SHN355, 500*200*10*16mm, 현장도착도 | D92: TON | E92: 0 | G92: 0 | I92: 0 | K92: 0 | M92: 0 | O92: 0 | P92: 0 | Q92: 0 | R92: 0 | S92: 0 | T92: 0 | U92: 0 | V92: 0 | W92: 자재 88 | X92: 89.6kg/m
A93: 5A41A3FB8655B650717DEE694103EAC05E5C28 | B93: H형강[관급자재] | C93: SHN355, 582*300*12*17mm, 현장도착도 | D93: TON | E93: 0 | G93: 0 | I93: 0 | K93: 0 | M93: 0 | O93: 0 | P93: 0 | Q93: 0 | R93: 0 | S93: 0 | T93: 0 | U93: 0 | V93: 0 | W93: 자재 89 | X93: 137.0kg/m
A94: 5A41A3FB8655B650717DEE694103EAFD5371F7 | B94: H형강[관급] | C94: SHN355, 300*300*10*15mm, 현장도착도 | D94: TON | E94: 1208820 | G94: 0 | I94: 0 | K94: 0 | M94: 0 | O94: =SMALL(E94:M94,COUNTIF(E94:M94,0)+1) -> 1208820 | P94: 0 | Q94: 0 | R94: 0 | S94: 0 | T94: 0 | U94: 0 | V94: 0 | W94: 자재 90 | X94: 식별번호 :23581391
A95: 5A41A3FB8655B650717DEE694103EAFD537718 | B95: H형강[관급] | C95: SHN355, 350*350*12*19mm, 현장도착도 | D95: TON | E95: 1208820 | G95: 0 | I95: 0 | K95: 0 | M95: 0 | O95: =SMALL(E95:M95,COUNTIF(E95:M95,0)+1) -> 1208820 | P95: 0 | Q95: 0 | R95: 0 | S95: 0 | T95: 0 | U95: 0 | V95: 0 | W95: 자재 91 | X95: 식별번호 :23581395
A96: 5A41A3FB8655B650717DEE694103EAFD537569 | B96: H형강[관급] | C96: SHN355, 500*200*10*16mm, 현장도착도 | D96: TON | E96: 1208820 | G96: 0 | I96: 0 | K96: 0 | M96: 0 | O96: =SMALL(E96:M96,COUNTIF(E96:M96,0)+1) -> 1208820 | P96: 0 | Q96: 0 | R96: 0 | S96: 0 | T96: 0 | U96: 0 | V96: 0 | W96: 자재 92 | X96: 식별번호 :23581414
A97: 5A41A3FB8655B650717DEE694103EAFD537444 | B97: H형강[관급] | C97: SHN355, 582*300*12*17mm, 현장도착도 | D97: TON | E97: 1208820 | G97: 0 | I97: 0 | K97: 0 | M97: 0 | O97: =SMALL(E97:M97,COUNTIF(E97:M97,0)+1) -> 1208820 | P97: 0 | Q97: 0 | R97: 0 | S97: 0 | T97: 0 | U97: 0 | V97: 0 | W97: 자재 93 | X97: 식별번호 :23581404
A98: 5A41A3FB8655B650717DED59EC755EDE54AD1B | B98: 경량형강 | C98: 경량형강, 블랙C형강, 75*45*15, t2.3 | D98: TON | E98: 1040000 | G98: 1030000 | H98: 59 | I98: 1050000 | J98: 24 | K98: 0 | M98: 0 | O98: =SMALL(E98:M98,COUNTIF(E98:M98,0)+1) -> 1030000 | P98: 0 | Q98: 0 | R98: 0 | S98: 0 | T98: 0 | U98: 0 | V98: 0 | W98: 자재 94
A99: 5A41A3FB86558ACD78CD0139D0601E04554AAB | B99: 일반구조용압연강판 | C99: 일반구조용압연강판, 6.0mm | D99: TON | E99: 1123500 | G99: 1123500 | H99: 63 | I99: 0 | K99: 0 | M99: 0 | O99: =SMALL(E99:M99,COUNTIF(E99:M99,0)+1) -> 1123500 | P99: 0 | Q99: 0 | R99: 0 | S99: 0 | T99: 0 | U99: 0 | V99: 0 | W99: 자재 95
A100: 5A41A3FB86558ACD78CD0139D0601E04554AA8 | B100: 일반구조용압연강판 | C100: 일반구조용압연강판, 10mm | D100: TON | E100: 1023500 | G100: 1023500 | H100: 63 | I100: 0 | K100: 0 | M100: 0 | O100: =SMALL(E100:M100,COUNTIF(E100:M100,0)+1) -> 1023500 | P100: 0 | Q100: 0 | R100: 0 | S100: 0 | T100: 0 | U100: 0 | V100: 0 | W100: 자재 96
A101: 5A41A3FB86558ACD78CD0139D0601E04554AA9 | B101: 일반구조용압연강판 | C101: 일반구조용압연강판, 12mm | D101: TON | E101: 1023500 | G101: 1023500 | H101: 63 | I101: 0 | K101: 0 | M101: 0 | O101: =SMALL(E101:M101,COUNTIF(E101:M101,0)+1) -> 1023500 | P101: 0 | Q101: 0 | R101: 0 | S101: 0 | T101: 0 | U101: 0 | V101: 0 | W101: 자재 97
A102: 5A41A3FB86558ACD78CD0139D0601E0454BDB2 | B102: 일반구조용압연강판 | C102: 일반구조용압연강판, 1.2mm | D102: kg | E102: 0 | G102: 885.6 | H102: 63 | I102: 0 | K102: 0 | M102: 0 | O102: =SMALL(E102:M102,COUNTIF(E102:M102,0)+1) -> 885.6 | P102: 0 | Q102: 0 | R102: 0 | S102: 0 | T102: 0 | U102: 0 | V102: 0 | W102: 자재 98
A103: 5A41A3FB86558ACD78CD0139D0601E0454BDB1 | B103: 일반구조용압연강판 | C103: 일반구조용압연강판, 1.4mm | D103: kg | E103: 0 | G103: 910 | H103: 63 | I103: 0 | K103: 0 | M103: 0 | O103: =SMALL(E103:M103,COUNTIF(E103:M103,0)+1) -> 910 | P103: 0 | Q103: 0 | R103: 0 | S103: 0 | T103: 0 | U103: 0 | V103: 0 | W103: 자재 99
A104: 5A41A3FB86558ACD78CD0139D0601E0454BDB0 | B104: 일반구조용압연강판 | C104: 일반구조용압연강판, 1.6mm | D104: kg | E104: 896 | G104: 895.9 | H104: 63 | I104: 0 | K104: 0 | M104: 0 | O104: =SMALL(E104:M104,COUNTIF(E104:M104,0)+1) -> 895.9 | P104: 0 | Q104: 0 | R104: 0 | S104: 0 | T104: 0 | U104: 0 | V104: 0 | W104: 자재 100
A105: 5A41A3FB86558ACD78CD0139D0601E0454BDB7 | B105: 일반구조용압연강판 | C105: 일반구조용압연강판, 2.3mm | D105: kg | E105: 0 | G105: 884 | H105: 63 | I105: 0 | K105: 0 | M105: 0 | O105: =SMALL(E105:M105,COUNTIF(E105:M105,0)+1) -> 884 | P105: 0 | Q105: 0 | R105: 0 | S105: 0 | T105: 0 | U105: 0 | V105: 0 | W105: 자재 101
A106: 5A41A3FB86558ACD78CD0139D0DBF53E526CAB | B106: 일반구조용압연강판 | C106: 일반구조용압연강판, 8.0mm | D106: TON | E106: 1102200 | G106: 1102200 | H106: 63 | I106: 0 | K106: 0 | M106: 0 | O106: =SMALL(E106:M106,COUNTIF(E106:M106,0)+1) -> 1102200 | P106: 0 | Q106: 0 | R106: 0 | S106: 0 | T106: 0 | U106: 0 | V106: 0 | W106: 자재 102
A107: 5A41A3FB86558ACD78CD0139C75B28AB55B071 | B107: 일반구조용압연강판 | C107: 일반구조용압연강판, 7.0mm | D107: TON | E107: 1123500 | G107: 1123500 | H107: 63 | I107: 0 | K107: 0 | M107: 0 | O107: =SMALL(E107:M107,COUNTIF(E107:M107,0)+1) -> 1123500 | P107: 0 | Q107: 0 | R107: 0 | S107: 0 | T107: 0 | U107: 0 | V107: 0 | W107: 자재 103
A108: 5A41A3FB86558ACD78CD0139C75B28AB55B100 | B108: 일반구조용압연강판 | C108: 일반구조용압연강판, 9.0mm | D108: TON | E108: 1070600 | G108: 1070600 | H108: 63 | I108: 0 | K108: 0 | M108: 0 | O108: =SMALL(E108:M108,COUNTIF(E108:M108,0)+1) -> 1070600 | P108: 0 | Q108: 0 | R108: 0 | S108: 0 | T108: 0 | U108: 0 | V108: 0 | W108: 자재 104
A109: 5A41A3FB86558ACD78CD0139C75B28AB55B101 | B109: 일반구조용압연강판 | C109: 일반구조용압연강판, 11mm | D109: TON | E109: 1023500 | G109: 1072000 | H109: 63 | I109: 0 | K109: 0 | M109: 0 | O109: =SMALL(E109:M109,COUNTIF(E109:M109,0)+1) -> 1023500 | P109: 0 | Q109: 0 | R109: 0 | S109: 0 | T109: 0 | U109: 0 | V109: 0 | W109: 자재 105
A110: 5A41A3FB86558ACD78CD0139F3250B155D7EAE | B110: 일반구조용압연강판 | C110: 일반구조용압연강판, 9.0∼20.0mm | D110: kg | E110: 0 | G110: 1023.5 | H110: 63 | I110: 0 | K110: 0 | M110: 0 | O110: =SMALL(E110:M110,COUNTIF(E110:M110,0)+1) -> 1023.5 | P110: 0 | Q110: 0 | R110: 0 | S110: 0 | T110: 0 | U110: 0 | V110: 0 | W110: 자재 106
... A119: 5A41A3FB86558ACD78CD0139F37D8DCD550FB5 | B119: 일반구조용압연강판(SN355) | C119: 일반구조용압연강판, 25mm | D119: TON | E119: 0 | G119: 1100700 | H119: 63+70000 | I119: 0 | K119: 0 | M119: 0 | O119: =SMALL(E119:M119,COUNTIF(E119:M119,0)+1) -> 1100700 | P119: 0 | Q119: 0 | R119: 0 | S119: 0 | T119: 0 | U119: 0 | V119: 0 | W119: 자재 115
A120: 5A41A3FB86558ACD78CC7FE9DBD0F49B563392 | B120: 스테인리스강판 | C120: 스테인리스강판, STS304, 1.2mm | D120: kg | E120: 3737 | G120: 3850 | H120: 73 | I120: 3787 | J120: 36 | K120: 0 | M120: 0 | O120: =SMALL(E120:M120,COUNTIF(E120:M120,0)+1) -> 3737 | P120: 0 | Q120: 0 | R120: 0 | S120: 0 | T120: 0 | U120: 0 | V120: 0 | W120: 자재 116
A121: 5A41A3FB86558ACD78CC7FE9DBD0F49B563393 | B121: 스테인리스강판 | C121: 스테인리스강판, STS304, 1.5mm | D121: kg | E121: 3686 | G121: 3800 | H121: 73 | I121: 3737 | J121: 36 | K121: 0 | M121: 0 | O121: =SMALL(E121:M121,COUNTIF(E121:M121,0)+1) -> 3686 | P121: 0 | Q121: 0 | R121: 0 | S121: 0 | T121: 0 | U121: 0 | V121: 0 | W121: 자재 117
...

Sheet  공사설정 
A1: 이 Sheet는 수정하지 마십시요
A2: 공사구분 | B2: A | C2: 타이틀
A3: 확정내역 | B3: 원내역
A4: 자재단가적용 | B4: 5
A5: 경비단가적용 | B5: 5
A6: 품목코드형식 | B6: XXXX-XXXX-XXXXXXXXX
A7: 내역금액소수점처리 | B7: C | C7: T
A8: 일위대가내역소수점처리 | B8: C | C8: 2
A9: 단가명 | B9: 조달청가격 | C9: 거래가격 | D9: 유통물가 | E9: 조사가격1 | F9: 조사가격2 | G9: TTTTT
A10: 환율 | B10: 1466 | C10: 0 | D10: 0
A11: 시간당작업량 | B11: R | C11: 4
A12: 1회 사이클시간 | B12: R | C12: 4
A13: 시간당 작업사이클 | B13: R | C13: 3
A14: 일반변수 | B14: R | C14: 5
A15: 시간당 노임산출 계수 | B15: A | C15: 1/8*16/12*25/20 | D15: 1/8*16/12*25/20 | E15: 1/8*16/12*25/20 | F15: 1
A16: 재료비 할증 계수 | B16: 1.11 | C16: 1.12
A17: 노무비 할증 계수 | B17: 1 | C17: 1.5 | D17: 1.16 | E17: 1.6 | F17: 1.6 | G17: 1.6 | H17: 1.94 | I17: 1.94 | J17: 1.94 | K17: 1 | L17: 1 | M17: 1
A18: 경비 할증 계수 | B18: 1.25 | C18: 1.071
A19: 내역,일위대가 품명,규격,단위 따로적용
A20: 내역단가 소수점처리 | B20: C | C20: 1
A21: 코드 | B21: 공종구분명 | C21: 원가비목코드
A22: 1 | B22: 품질관리비
A23: 2 | B23: 철도안전관리비
A24: 3 | B24: 안전관리비
A25: 4 | B25: 미확정설계공종
A26: 5 | B26: 도급자설치관급
A27: 6 | B27: 관급자설치관급
A28: 7 | B28: 관 급 자 재
A29: 8 | B29: 건설폐기물처리비
A30: 9 | B30: ...
A31: A | B31: ....
A32: B | B32: .....
A33: C | B33: ....
A34: D | B34: ....
A35: E | B35: ....
A36: F | B36: ....
A37: G | B37: ....
A38: H | B38: ....
A39: I | B39: ....
A40: J | B40: ....
A43: 단가 순서 | B43: 1234

Sheet 원가제비율
A1: 이 페이지는 출력하지 말것
A2: 납품시 셀숨기기 | J2: 3월, 8월 새로운 원가제비율 확인요망
D3: 대화면도시재생사업청학당조성공사기본및실시설 | F3: <- | G3: 공사명입력
A5: 공사기간 : | D5: 7~12개월이하, 2025.04.01 제비율 | E5: <- | F5: 공사기간 과업지시서확인후 입력 없을경우 설계사무소 확인후 입력
A6: 설계예산 : | E6: <- | F6: 공사기간 과업지시서확인후 입력 없을경우 설계사무소 확인후 입력
A7: 공사규모 : | D7: ='원가계산서(건축분야총괄)'!H7+'원가계산서(건축분야총괄)'!H9+'원가계산서(건축분야총괄)'!H12 -> 1337604053 | E7: 재료비+직접노무비+산출경비의 합계액(공종별총괄표입력시 자동계산됨)
A9: 구 분 | E9: 산 출 방 법
A11: 1. 순공사 원가 | E11: [가+나+다]
B12: 가. 재료비
C13: 가-1. 직접재료비
B14: 나. 노무비
C15: 나-1. 직접노무비
C16: 나-2. 간접노무비 | E16: [나1] 의 | G16: 0.149 | H16: 재료비+직접노무비+산출경비 확인 | I16: =D7 -> 1337604053 | J16: <- | K16: 빨간색 요율수정시 전체원가계산 요율자동변경됨
B17: 다. 경비
C18: 다-1. 산출경비
C19: 다-2. 산재보험료 | E19: [나] 의 | G19: 0.0356
C20: 다-3. 고용보험료 | E20: [나] 의 | G20: 0.0101 | H20: 추정금액 확인 | I20: ='원가계산서(건축분야총괄)'!H42 -> 2.680952e+09 | K20: 7등급이하
C21: 다-4. 국민건강보험료 | E21: [나1] 의 | G21: 0.03545 | K21: 1개월(30일)이상 건설공사
C22: 다-5. 노인장기요양보험료 | E22: [다4] 의 | G22: 0.1295 | K22: 1개월(30일)이상 건설공사
C23: 다-6. 국민연금보험료 | E23: [나1] 의 | G23: 0.045 | K23: 1개월(30일)이상 건설공사
C24: 다-7. 퇴직공제부금비 | E24: [나1] 의 | G24: 0.023 | K24: 추정금액 1억원 이상 건설공사
C25: 다-8. 산업안전보건관리비 | E25: ※ 관급포함시 : ⓑ와ⓒ 비교후 적은금액 적용 | H25: 직접재료비+직접노무비+도급자설치 | I25: ='원가계산서(건+토+기)'!L7+'원가계산서(건+토+기)'!L9+'원가계산서(건+토+기)'!L40 -> 1517254744 | K25: 총공사금액(도급금액+도급자관급금액) 2천만원 이상 건설공사
D26: ⓐ.일반의경우 | E26: [가+나1] 의 | F26: 0.0228 | G26: 4325000 | J26: <- | K26: 5억이상-50억미만 공사만 적용 그외공사는 5,349,000원 삭제
D27: ⓑ.ⓐ의 1.2배
D28: ⓒ.관급자재대 포함 | E28: [가+나1+관급자재대] 의 | F28: 0.0228 | G28: 4325000 | K28: ⓑⓒ중 건축총괄에 적용된 항목 전공종에 적용
C29: 다-9. 기타경비 | E29: [가+나] 의 | G29: 0.048 | H29: 재료비+직접노무비+산출경비 확인 | I29: =I16 -> 1337604053
C30: 다-10. 공사이행보증서 발급수수료 | E30: ([가+나1+다1] 의-140억원*0.019%)*공기(년)
C31: 다-11. 하도급 대금 지급보증서 발급수수료 | E31: [가+나1+다1] 의 | G31: 0.00081 | H31: 추정가격 확인 | I31: ='원가계산서(건축분야총괄)'!H34 -> 1.9673791e+09
C32: 다-12. 건설기계대여대금지급보증서발급금액 | E32: [가+나1+다1] 의 | G32: 0.0007
C33: 다-13. 환경보전비 | E33: [가+나1+다1] 의 | G33: 0.005 | H33: 주택외건축
C34: 다-14. 품질관리비
C35: 다-15. 안전관리비
A36: 2. 일 반 관 리 비 | E36: [1] 의 | G36: 0.06 | H36: 추정가격 확인 | I36: =I31 -> 1.9673791e+09
A37: 3. 이 윤 | E37: [나+다+2]의 | G37: 0.15 | H37: 추정가격 확인 | I37: =I36 -> 1.9673791e+09
A38: 4. P . S
A39: 5. 총 원 가 | E39: [1+2+3+3.1+3.2] | K39: 추정금액이란 : 추정가격+부가가치세+관급금액
A40: 6. 부 가 가 치 세 | E40: [5]의 | G40: 0.1
A41: 7. 총 계 | E41: [5+6]
A42: 8. 시 설 분 담 금
A43: 조 사 금 액
A44: 관급자재대(도급자관급)
A45: 관급자재대(관급자관급)
A46: 총 공 사 비

Sheet 고용개선지원비
A2: 고용개선지원비 산출근거 | Q2: 고용개선지원비 산출근거
A3: 산출근거 | O3: (단위:원) | Q3: 산출근거 | AE3: (단위:원)
A4: 구 분 | D4: 산출근거 | N4: 금 액 | O4: 비고 | Q4: 구 분 | T4: 산출근거 | AD4: 금 액 | AE4: 비고
A5: 1) 주휴수당 | D5: - 직접노무비 × 주휴수당 원가반영 요율 × 1.4 | N5: =M6 -> 0 | Q5: 1) 주휴수당 | T5: - 직접노무비 × 주휴수당 원가반영 요율 × 1.4 | AD5: =AC6 -> 0
F6: × | G6: 0.036 | H6: × | I6: 1.4 | L6: = | M6: =INT(E6*G6*I6) -> 0 | U6: ='[158]원가계산서(기계)'!H9 -> 0 | V6: × | W6: 0.036 | X6: × | Y6: 1.4 | AB6: = | AC6: =INT(U6*W6*Y6) -> 0
A7: 2) 국민연금, 건강보험료 지원금 | D7: - 직접노무비 × 7.93% × 20% | N7: =M8 -> 0 | O7: 조례개정 반영 | Q7: 2) 국민연금, 건강보험료 지원금 | T7: - 직접노무비 × 7.93% × 20% | AD7: =AC8 -> 0 | AE7: 조례개정 반영
E8: =E6 -> 0 | F8: × | G8: 0.0793 | H8: × | I8: 0.2 | J8: × | K8: 1 | L8: = | M8: =INT(E8*G8*I8*K8) -> 0 | U8: =U6 -> 0 | V8: × | W8: 0.0793 | X8: × | Y8: 0.2 | Z8: × | AA8: 1 | AB8: = | AC8: =INT(U8*W8*Y8*AA8) -> 0
A9: 3) 고용개선장려금 | D9: - 직접노무비 × 주휴수당 원가반영 요율 × 20% × 0.5 | N9: =M10 -> 0 | Q9: 3) 고용개선장려금 | T9: - 직접노무비 × 주휴수당 원가반영 요율 × 20% × 0.5 | AD9: =AC10 -> 0
E10: =E6 -> 0 | F10: × | G10: =G6 -> 0.036 | H10: × | I10: 0.2 | J10: × | K10: 0.5 | L10: = | M10: =INT(E10*G10*I10*K10) -> 0 | U10: =U6 -> 0 | V10: × | W10: =W6 -> 0.036 | X10: × | Y10: 0.2 | Z10: × | AA10: 0.5 | AB10: = | AC10: =INT(U10*W10*Y10*AA10) -> 0
A11: 계 | N11: =SUM(N5:N10) -> 0 | Q11: 계 | AD11: =SUM(AD5:AD10) -> 0
A12: 4) 전자인력관리시스템 운영비 | D12: - 275,000원/월 × 5개월 | N12: =M13 -> 1375000 | Q12: 4) 전자인력관리시스템 운영비 | T12: - 275,000원/월 × 5개월 | AD12: =AC13 -> 1375000
E13: 275000 | F13: × | G13: 5 | L13: = | M13: =INT(E13*G13) -> 1375000 | U13: 275000 | V13: × | W13: 5 | AB13: = | AC13: =INT(U13*W13) -> 1375000
A14: 계 | N14: =N12 -> 1375000 | Q14: 계 | AD14: =AD12 -> 1375000
A16: ※ 주휴수당 원가반영 비율 | H16: ※ 전자인력관리시스템 단말기 (이동형) 렌탈비용 | Q16: ※ 주휴수당 원가반영 비율 | X16: ※ 전자인력관리시스템 단말기 (이동형) 렌탈비용
H26: 【 비 고 】 | X26: 【 비 고 】
H27: 1. LTE 모뎀 및 통신비용 일체 포함 (VAT 별도) | X27: 1. LTE 모뎀 및 통신비용 일체 포함 (VAT 별도)
H28: 2. 해당 개월의 총 렌탈비용 선결제 (공사기간 변경시 변경기간에 따른 차액 정산가능) | X28: 2. 해당 개월의 총 렌탈비용 선결제 (공사기간 변경시 변경기간에 따른 차액 정산가능)
H29: 3. 렌탈 종료 후 단말기 반납 조건 (렌탈 기간 내 단순 제품불량에 의한 고장 발생 시 대체품 발송) | X29: 3. 렌탈 종료 후 단말기 반납 조건 (렌탈 기간 내 단순 제품불량에 의한 고장 발생 시 대체품 발송)
H30: 4. 온라인을 통한 동영상 사용법 제공(유튜브) | X30: 4. 온라인을 통한 동영상 사용법 제공(유튜브)
